line,tipo,data_ocorrencia,endereco,latitude,longitude
2,Homicidio,03/02/2017,"RUA AZEVEDO SOARES, 1670 TATUAPE - 03322001 S.PAULO SP",-23.547844,-46.5606526
47,Homicidio,31/01/2017,"AVENIDA CARLOS CALDEIRA FILHO, 92 CAPAO REDONDO - 05798350 S.PAULO SP",-23.6460794,-46.7533527
48,Homicidio,01/02/2017,"RUA FRAGATA CONSTITUICAO, 49 JARAGUA - 02986080 S.PAULO SP",-23.4351624,-46.7155766
50,Homicidio,01/02/2017,"RUA CAPITAO MOR JERONIMO LEITAO, 104 REPUBLICA - 01032020 S.PAULO SP",-23.5411921,-46.6348113
52,Homicidio,02/02/2017,"AVENIDA AIRTON PRETINI, 0 TATUAPE - 03090000 S.PAULO SP",-23.5282312,-46.5550422
53,Homicidio,02/02/2017,"RUA DA BARACELA, 46 VILA MARIA - 02190120 S.PAULO SP",-23.5091637,-46.5595699
54,Homicidio,03/02/2017,"RUA BENJAMIN WEST, 26 PARELHEIROS - 04858420 S.PAULO SP",-23.7704731,-46.7165502
55,Homicidio,03/02/2017,"ESTRADA TRES CRUZES, 100 TREMEMBE - 02285000 S.PAULO SP",-23.4292458,-46.5672101
56,Homicidio,03/02/2017,"ESTRADA TRES CRUZES, 100 TREMEMBE - 02285000 S.PAULO SP",-23.4292458,-46.5672101
57,Homicidio,03/02/2017,"ESTRADA TRES CRUZES, 100 TREMEMBE - 02285000 S.PAULO SP",-23.4292458,-46.5672101
58,Homicidio,04/02/2017,"RUA BARAO DE LADARIO, 342 BRAS - 03010000 S.PAULO SP",-23.5391165,-46.6190129
59,Homicidio,04/02/2017,"RUA JOSE ADAO, 22 ANHANGUERA - 05273110 S.PAULO SP",-23.4373047,-46.806405
60,Homicidio,04/02/2017,"ACESSO AVENIDA RAGUEB CHOHFI, 3000 IGUATEMI - - S.PAULO SP",-23.5968393,-46.4565323
61,Homicidio,04/02/2017,"RUA DORIVAL FERRAZ DA SILVA, 247 PEDREIRA - 04430170 S.PAULO SP",-23.6927449,-46.6524449
62,Homicidio,04/02/2017,"RUA DORIVAL FERRAZ DA SILVA, 247 PEDREIRA - 04430170 S.PAULO SP",-23.6927449,-46.6524449
63,Homicidio,04/02/2017,"AVENIDA DOUTOR BERNARDINO BRITO FONSECA, 200 VILA MATILDE - 03535000 S.PAULO SP",-23.5332606,-46.5208251
65,Homicidio,04/02/2017,"AVENIDA RAGUEB CHOHFI, 1513 SAO MATEUS - 08375000 S.PAULO SP",-23.5998085,-46.4698677
66,Homicidio,04/02/2017,"RUA DOS CORATIS, 296 PEDREIRA - 04473270 S.PAULO SP",-23.7054256,-46.6488845
68,Homicidio,05/02/2017,"AVENIDA CUPECE, 4767 CIDADE ADEMAR - - S.PAULO SP",-23.6756232,-46.6420644
69,Homicidio,05/02/2017,"AVENIDA CUPECE, 4767 CIDADE ADEMAR - - S.PAULO SP",-23.6756232,-46.6420644
70,Homicidio,05/02/2017,"AVENIDA CUPECE, 4767 CIDADE ADEMAR - - S.PAULO SP",-23.6756232,-46.6420644
71,Homicidio,06/02/2017,"RUA AMOREPINIMA, 100 SAPOPEMBA - 03980140 S.PAULO SP",-23.6136755,-46.5106213
77,Homicidio,04/02/2017,"RUA BARAO DE LADARIO, 342 BRAS - 03010000 S.PAULO SP",-23.5391165,-46.6190129
81,Homicidio,07/02/2017,"RUA DENIS CHAUDET, 15 RAPOSO TAVARES - 05528220 S.PAULO SP",-23.5912043,-46.7538436
82,Homicidio,08/02/2017,"RUA EIDE MORENA, 265 CIDADE ADEMAR - 04429190 S.PAULO SP",-23.6790672,-46.6633228
84,Homicidio,10/02/2017,"RUA SENADOR FLAQUER, 1 SANTO AMARO - 04744030 S.PAULO SP",-23.6533111,-46.7064476
85,Homicidio,10/02/2017,"RUA SENADOR FLAQUER, 1 SANTO AMARO - 04744030 S.PAULO SP",-23.6533111,-46.7064476
86,Homicidio,12/02/2017,"RUA AUGUSTO TEIXEIRA, 0 GRAJAU - 04841160 S.PAULO SP",-23.7386945,-46.6868568
87,Homicidio,12/02/2017,"RUA MATIMPERERE, 16 BRASILANDIA - 02878030 S.PAULO SP",-23.4510676,-46.6909337
88,Homicidio,13/02/2017,"RUA DOMINGOS VEGA, 616 FREGUESIA DO O - 02837000 S.PAULO SP",-23.4639913,-46.7008151
89,Homicidio,13/02/2017,"RUA DOMINGOS VEGA, 616 FREGUESIA DO O - 02837000 S.PAULO SP",-23.4639913,-46.7008151
90,Homicidio,13/02/2017,"RUA MARIA DE SAO JOSE CUNHA, 22 CACHOEIRINHA - 02617050 S.PAULO SP",-23.4683524,-46.6574844
92,Homicidio,14/02/2017,"AVENIDA CORONEL ALVES E ROCHA FILHO, 489 ITAQUERA - 08235770 S.PAULO SP",-23.5211973,-46.4654895
93,Homicidio,15/02/2017,"RUA NAME, 286 PENHA - 03662020 S.PAULO SP",-23.5220094,-46.4986476
94,Homicidio,15/02/2017,"AVENIDA ARICANDUVA, 12000 PARQUE DO CARMO - - S.PAULO SP",-23.5930695,-46.4696851
95,Homicidio,15/02/2017,"AVENIDA ARICANDUVA, 12000 PARQUE DO CARMO - - S.PAULO SP",-23.5930695,-46.4696851
96,Homicidio,16/02/2017,"RUA FORTE DE SANTO ANTONIO, 78 JARDIM ANGELA - 04945230 S.PAULO SP",-23.7167325,-46.7811724
97,Homicidio,17/02/2017,"AVENIDA DO ESTADO, 4000 SE - - S.PAULO SP",-23.5565894,-46.6217454
99,Homicidio,17/02/2017,"RUA MIGUEL DAMASCENO, 131 JD SAO LUIS - 05820180 S.PAULO SP",-23.6670175,-46.742714
100,Homicidio,18/02/2017,"AVENIDA JORNALISTA ROBERTO MARINHO, 3780 CAMPO BELO - 04576010 S.PAULO SP",-23.6328784,-46.670308
101,Homicidio,17/02/2017,"ESTRADA DE ITAPECERICA, 1661 JD SAO LUIS - 05835000 S.PAULO SP",-23.6485499,-46.7491643
102,Homicidio,18/02/2017,"AVENIDA MARIA COELHO AGUIAR, 1258 JD SAO LUIS - 05805000 S.PAULO SP",-23.655199,-46.7358944
103,Homicidio,19/02/2017,"AVENIDA ADRIANO BERTOZZI, 624 PARQUE DO CARMO - 08265000 S.PAULO SP",-23.5719736,-46.4520564
104,Homicidio,20/02/2017,"RUA MACHADO NUNES, 0 CIDADE LIDER - 08275310 S.PAULO SP",-23.5789184,-46.4871316
105,Homicidio,20/02/2017,"AVENIDA MBOI GUACU, 883 JARDIM ANGELA - 04949000 S.PAULO SP",-23.722614,-46.7728594
106,Homicidio,20/02/2017,"RUA MARCO BASAITI, 0 CAPAO REDONDO - 05869250 S.PAULO SP",-23.6751308,-46.7722765
107,Homicidio,20/02/2017,"ESTRADA DO PALANQUE, 4000 IGUATEMI - 08485520 S.PAULO SP",-23.6134707,-46.4093444
108,Homicidio,20/02/2017,"PRACA DOUTOR MARIO MARGARIDO, 33 SE - 01514020 S.PAULO SP",-23.5544809,-46.6289588
109,Homicidio,21/02/2017,"RUA LUIS JULIANI, 1076 SAPOPEMBA - 03978270 S.PAULO SP",-23.6211888,-46.5112089
111,Homicidio,21/02/2017,"RUA LUCIDIO MARCONDES SOUZA, 113 RAPOSO TAVARES - 05569060 S.PAULO SP",-23.5979741,-46.7912874
112,Homicidio,21/02/2017,"RUA LUCIDIO MARCONDES SOUZA, 113 RAPOSO TAVARES - 05569060 S.PAULO SP",-23.5979741,-46.7912874
113,Homicidio,22/02/2017,"RUA ESTADO DO AMAZONAS, 45 SAO MATEUS - 03935000 S.PAULO SP",-23.5902447,-46.5052594
115,Homicidio,23/02/2017,"AVENIDA CORONEL SEZEFREDO FAGUNDES, 19029 TREMEMBE - 02368000 S.PAULO SP",-23.4727845,-46.6072818
116,Homicidio,23/02/2017,"AVENIDA CORONEL SEZEFREDO FAGUNDES, 19029 TREMEMBE - 02368000 S.PAULO SP",-23.4727845,-46.6072818
118,Homicidio,23/02/2017,"TRAVESSA TERRA TOMBADA, 0 IGUATEMI - 08344600 S.PAULO SP",-23.6101946,-46.4518653
119,Homicidio,23/02/2017,"AVENIDA GOVERNADOR CARVALHO PINTO, 3000 CANGAIBA - 03739000 S.PAULO SP",-23.513963,-46.52237
120,Homicidio,23/02/2017,"RUA PAULO SERGIO COSTABILE - CEBOLA, 19 JD SAO LUIS - 04918285 S.PAULO SP",-23.6862323,-46.7377316
123,Homicidio,25/02/2017,"RUA GALENO DE CASTRO, 279 CAMPO GRANDE - 04696040 S.PAULO SP",-23.6713841,-46.7014485
124,Homicidio,26/02/2017,"RUA JALES RODRIGUES SILVA, 331 PONTE RASA - 03881150 S.PAULO SP",-23.5113719,-46.4879091
150,Homicidio,03/02/2017,"RUA AZEVEDO SOARES, 1670 TATUAPE - 03322001 S.PAULO SP",-23.547844,-46.5606526
182,Homicidio,16/02/2017,"ESTACAO METRO ANHANGABAU, 0 REPUBLICA - - S.PAULO SP",-23.5478242,-46.6391881
185,Homicidio,02/02/2017,"RUA DA BARACELA, 46 VILA MARIA - 02190120 S.PAULO SP",-23.5091637,-46.5595699
215,Homicidio,08/02/2017,"RUA EIDE MORENA, 14 CIDADE ADEMAR - 04429190 S.PAULO SP",-23.679115,-46.663364
218,Homicidio,09/02/2017,"AVENIDA TENENTE AMARO FELICISSIMO DA SIL, 221 VILA MARIA - 02177010 S.PAULO SP",-23.5151977,-46.5713819
232,Homicidio,09/02/2017,"AVENIDA TENENTE AMARO FELICISSIMO DA SIL, 221 VILA MARIA - 02177010 S.PAULO SP",-23.5151977,-46.5713819
238,Homicidio,27/02/2017,"AVENIDA DAS JUNTAS PROVISORIAS, 0 IPIRANGA - 04214050 S.PAULO SP",-23.5864493,-46.5985588
245,Homicidio,16/02/2017,"RUA VALTER RIBEIRO MARRANY, 115 CIDADE DUTRA - 04810010 S.PAULO SP",-23.7129265,-46.6965737
246,Homicidio,16/02/2017,"RUA VALTER RIBEIRO MARRANY, 115 CIDADE DUTRA - 04810010 S.PAULO SP",-23.7129265,-46.6965737
252,Homicidio,13/02/2017,"RUA SANTIAGO BUERAS, 9 GRAJAU - 04853050 S.PAULO SP",-23.768645,-46.6779355
253,Homicidio,13/02/2017,"RUA SANTIAGO BUERAS, 9 GRAJAU - 04853050 S.PAULO SP",-23.768645,-46.6779355
278,Homicidio,07/02/2017,"RUA NOSSA SENHORA DO BOM CONSELHO, 320 CAMPO LIMPO - 05763470 S.PAULO SP",-23.6420969,-46.7590017
279,Homicidio,07/02/2017,"RUA NOSSA SENHORA DO BOM CONSELHO, 320 CAMPO LIMPO - 05763470 S.PAULO SP",-23.6420969,-46.7590017
281,Homicidio,02/02/2017,"RUA LUIS MATEUS, 1505 GUAIANASES - 08420750 S.PAULO SP",-23.5553757,-46.4234948
283,Homicidio,09/02/2017,"RUA DA VARZEA, 1 BARRA FUNDA - 01140080 S.PAULO SP",-23.5258388,-46.660288
284,Homicidio,01/02/2017,"RUA FREDERICO ALVARENGA, 168 SE - 01020030 S.PAULO SP",-23.5506773,-46.6290258
285,Homicidio,01/02/2017,"RUA FREDERICO ALVARENGA, 168 SE - 01020030 S.PAULO SP",-23.5506773,-46.6290258
287,Homicidio,09/02/2017,"RUA DA VARZEA, 1 BARRA FUNDA - 01140080 S.PAULO SP",-23.5258388,-46.660288
288,Homicidio,09/02/2017,"RUA DA VARZEA, 1 BARRA FUNDA - 01140080 S.PAULO SP",-23.5258388,-46.660288
289,Homicidio,21/02/2017,"RUA LUIS JULIANI, 1076 SAPOPEMBA - 03978270 S.PAULO SP",-23.6211888,-46.5112089
290,Homicidio,13/02/2017,"RUA MARIA DE SAO JOSE CUNHA, 22 CACHOEIRINHA - 02617050 S.PAULO SP",-23.4683524,-46.6574844
294,Homicidio,04/02/2017,"RUA BARAO DE LADARIO, 342 BRAS - 03010000 S.PAULO SP",-23.5391165,-46.6190129
301,Homicidio,02/02/2017,"RUA LUIS FRANCISCO LOMBARDI, 94 PIRITUBA - 05175260 S.PAULO SP",-23.4728249,-46.7420055
302,Homicidio,02/02/2017,"RUA LUIS FRANCISCO LOMBARDI, 94 PIRITUBA - 05175260 S.PAULO SP",-23.4728249,-46.7420055
315,Homicidio,05/02/2017,"RUA VALDO PAOLIELLO JUNIOR, 130 VILA SONIA - 05626100 S.PAULO SP",-23.5996701,-46.7340133
317,Homicidio,02/02/2017,"AVENIDA AIRTON PRETINI, 0 TATUAPE - 03090000 S.PAULO SP",-23.5282312,-46.5550422
324,Homicidio,03/02/2017,"AVENIDA GABRIELA MISTRAL, 111 PENHA - 03701010 S.PAULO SP",-23.5193522,-46.5474246
327,Homicidio,11/02/2017,"RUA VINTE E CINCO DE MARCO, 197 SE - 01021000 S.PAULO SP",-23.5479639,-46.6310689
334,Homicidio,04/02/2017,"AVENIDA DOUTOR BERNARDINO BRITO FONSECA, 200 VILA MATILDE - 03535000 S.PAULO SP",-23.5332606,-46.5208251
341,Homicidio,11/02/2017,"RUA VINTE E CINCO DE MARCO, 197 SE - 01021000 S.PAULO SP",-23.5479639,-46.6310689
342,Homicidio,20/02/2017,"PRACA DOUTOR MARIO MARGARIDO, 33 SE - 01514020 S.PAULO SP",-23.5544809,-46.6289588
347,Homicidio,10/02/2017,"RUA OLIMPIO RODRIGUES DA SILVA, 81 VILA SONIA - 05710080 S.PAULO SP",-23.6097059,-46.7435816
350,Homicidio,04/02/2017,"RUA DOS CORATIS, 296 PEDREIRA - 04473270 S.PAULO SP",-23.7054256,-46.6488845
355,Homicidio,10/02/2017,"RUA OLIMPIO RODRIGUES DA SILVA, 81 VILA SONIA - 05710080 S.PAULO SP",-23.6097059,-46.7435816
360,Homicidio,12/02/2017,"RUA DOUTOR RAFAEL DE ARAUJO RIBEIRO, 100 JARAGUA - 05181030 S.PAULO SP",-23.4560014,-46.7470098
367,Homicidio,04/02/2017,"AVENIDA DO IMPERADOR, 4280 VILA JACUI - 08050000 S.PAULO SP",-23.5152387,-46.4622988
371,Homicidio,11/02/2017,"AVENIDA LUIS PIRES DE MINAS, 383 SAO MATEUS - 03933070 S.PAULO SP",-23.5911162,-46.5016228
377,Homicidio,15/01/2017,"AVENIDA PAULO LINCOLN DO VALLE PONTIN, 744 TREMEMBE - 02273011 S.PAULO SP",-23.4586366,-46.5857973
378,Homicidio,15/01/2017,"AVENIDA PAULO LINCOLN DO VALLE PONTIN, 744 TREMEMBE - 02273011 S.PAULO SP",-23.4586366,-46.5857973
383,Homicidio,18/02/2017,"RUA DO BUCOLISMO, 164 BRAS - 03008040 S.PAULO SP",-23.5404831,-46.6205953
384,Homicidio,18/02/2017,"RUA DO BUCOLISMO, 164 BRAS - 03008040 S.PAULO SP",-23.5404831,-46.6205953
385,Homicidio,12/02/2017,"AVENIDA ANTONIO ESTEVAO DE CARVALHO, 28 VILA MATILDE - 03540000 S.PAULO SP",-23.5315168,-46.5210136
386,Homicidio,18/02/2017,"AVENIDA JOAQUIM DE NAZARETH, 50 PIRITUBA - 02976160 S.PAULO SP",-23.4777612,-46.7186014
390,Homicidio,03/02/2017,"ESTRADA TRES CRUZES, 100 TREMEMBE - 02285000 S.PAULO SP",-23.4292458,-46.5672101
391,Homicidio,18/02/2017,"RUA GENERAL JARDIM, 124 REPUBLICA - 01223011 S.PAULO SP",-23.5446574,-46.6479996
393,Homicidio,04/02/2017,"RODOVIA BR 381, 85 JACANA - - S.PAULO SP",-23.4536808,-46.5708429
394,Homicidio,04/02/2017,"RUA JOAO DE SIQUEIRA AFONSO, 304 LAJEADO - 08452000 S.PAULO SP",-23.538181,-46.3958388
397,Homicidio,19/02/2017,"AVENIDA CANDIDO PORTINARI, 455 JAGUARA - 05114000 S.PAULO SP",-23.5082131,-46.7515287
398,Homicidio,19/02/2017,"AVENIDA CANDIDO PORTINARI, 455 JAGUARA - 05114000 S.PAULO SP",-23.5082131,-46.7515287
403,Homicidio,06/02/2017,"RUA DESEMBARGADOR JONAS COELHO VILHENA, 19 ITAIM PAULISTA - 08130280 S.PAULO SP",-23.5068714,-46.3715727
408,Homicidio,07/02/2017,"RUA LUCAS LOSSIUS, 72 SAPOPEMBA - 03977005 S.PAULO SP",-23.6218808,-46.4857229
409,Homicidio,19/02/2017,"AVENIDA ADRIANO BERTOZZI, 624 PARQUE DO CARMO - 08265000 S.PAULO SP",-23.5719736,-46.4520564
413,Homicidio,07/02/2017,"RUA ERVA ANDORINHA, 123 JARDIM HELENA - 08090470 S.PAULO SP",-23.4787878,-46.4234527
417,Homicidio,05/02/2017,"ESTRADA DE ITAPECERICA, 1661 JD SAO LUIS - 05835000 S.PAULO SP",-23.6485499,-46.7491643
418,Homicidio,04/02/2017,"ACESSO AVENIDA RAGUEB CHOHFI, 3000 IGUATEMI - - S.PAULO SP",-23.5968393,-46.4565323
424,Homicidio,12/02/2017,"RUA AUGUSTO TEIXEIRA, 0 GRAJAU - 04841160 S.PAULO SP",-23.7386945,-46.6868568
428,Homicidio,15/02/2017,"RUA NAME, 286 PENHA - 03662020 S.PAULO SP",-23.5220094,-46.4986476
429,Homicidio,11/02/2017,"RUA MANOEL EMIDIO, 262 SAO LUCAS - 03267150 S.PAULO SP",-23.5999642,-46.529065
430,Homicidio,11/02/2017,"RUA MANOEL EMIDIO, 262 SAO LUCAS - 03267150 S.PAULO SP",-23.5999642,-46.529065
432,Homicidio,12/02/2017,"RUA RODRIGUES DA GUERRA, 364 SAPOPEMBA - 03979060 S.PAULO SP",-23.6152475,-46.5076869
433,Homicidio,27/02/2017,"RUA DOUTOR JERONIMO DE CAMPOS FREIRE, 12 VILA ANDRADE - 05712030 S.PAULO SP",-23.6205711,-46.7276638
434,Homicidio,23/02/2017,"AVENIDA GOVERNADOR CARVALHO PINTO, 3000 CANGAIBA - 03739000 S.PAULO SP",-23.513963,-46.52237
440,Homicidio,27/02/2017,"RUA DOUTOR OSWALDO MELLONE, 244 JD SAO LUIS - 05780300 S.PAULO SP",-23.6463706,-46.7546004
441,Homicidio,11/02/2017,"RUA BENTOPOLIS, 85 VILA MARIA - 02181080 S.PAULO SP",-23.5203067,-46.5638373
442,Homicidio,19/02/2017,"RUA JOAQUIM GIL DE CARVALHO, 61 VILA CURUCA - 08030060 S.PAULO SP",-23.496905,-46.4274534
443,Homicidio,25/02/2017,"RUA PADRE JOSE MATERNI, 501 FREGUESIA DO O - 02836010 S.PAULO SP",-23.4713491,-46.6972736
448,Homicidio,18/02/2017,"AVENIDA JORNALISTA ROBERTO MARINHO, 3780 CAMPO BELO - 04576010 S.PAULO SP",-23.6328784,-46.670308
449,Homicidio,11/02/2017,"AVENIDA BENTO DE SOUSA, 348 JD SAO LUIS - 04913000 S.PAULO SP",-23.6780601,-46.7437683
450,Homicidio,11/02/2017,"AVENIDA BENTO DE SOUSA, 348 JD SAO LUIS - 04913000 S.PAULO SP",-23.6780601,-46.7437683
451,Homicidio,20/02/2017,"RUA TAMARUTACA, 16 SAO MIGUEL - 08010480 S.PAULO SP",-23.4951789,-46.4307887
452,Homicidio,19/02/2017,"RUA DOUTOR JOSE GUILHERME EIRAS, 123 SAO MIGUEL - 08010220 S.PAULO SP",-23.4970547,-46.4400499
453,Homicidio,10/02/2017,"RUA SENADOR FLAQUER, 1 SANTO AMARO - 04744030 S.PAULO SP",-23.6533111,-46.7064476
454,Homicidio,10/02/2017,"RUA SENADOR FLAQUER, 1 SANTO AMARO - 04744030 S.PAULO SP",-23.6533111,-46.7064476
457,Homicidio,13/02/2017,"RUA PADRE SABOIA DE MEDEIROS, 39 VILA MARIA - 02134000 S.PAULO SP",-23.5004419,-46.5896541
458,Homicidio,17/02/2017,"RUA CAROLINA SOARES, 398 LIMAO - 02554000 S.PAULO SP",-23.5007432,-46.6695376
462,Homicidio,13/02/2017,"RUA PADRE SABOIA DE MEDEIROS, 39 VILA MARIA - 02134000 S.PAULO SP",-23.5004419,-46.5896541
463,Homicidio,26/02/2017,"RUA JOSE FRANK, 103 PEDREIRA - 04431100 S.PAULO SP",-23.6894517,-46.6535861
464,Homicidio,26/02/2017,"RUA JOSE FRANK, 103 PEDREIRA - 04431100 S.PAULO SP",-23.6894517,-46.6535861
468,Homicidio,19/02/2017,"RUA OCTACILIO DIAS FERNANDES, 500 VILA CURUCA - 08161500 S.PAULO SP",-23.5114351,-46.4120037
472,Homicidio,15/02/2017,"RUA ANTONIO TELES, 100 SAO RAFAEL - 08330060 S.PAULO SP",-23.6165457,-46.4751171
473,Homicidio,15/02/2017,"AVENIDA ARICANDUVA, 12000 PARQUE DO CARMO - - S.PAULO SP",-23.5930695,-46.4696851
474,Homicidio,15/02/2017,"AVENIDA ARICANDUVA, 12000 PARQUE DO CARMO - - S.PAULO SP",-23.5930695,-46.4696851
475,Homicidio,16/02/2017,"RUA FORTE DE SANTO ANTONIO, 78 JARDIM ANGELA - 04945230 S.PAULO SP",-23.7167325,-46.7811724
476,Homicidio,25/02/2017,"RUA BANDEIRA PAULISTA, 510 ITAIM BIBI - 04532011 S.PAULO SP",-23.5838356,-46.6759036
477,Homicidio,28/02/2017,"RUA JUVIA, 100 SAO MIGUEL - 08042460 S.PAULO SP",-23.5081384,-46.4322224
478,Homicidio,28/02/2017,"RUA JUVIA, 100 SAO MIGUEL - 08042460 S.PAULO SP",-23.5081384,-46.4322224
479,Homicidio,17/02/2017,"RUA MIGUEL DAMASCENO, 131 JD SAO LUIS - 05820180 S.PAULO SP",-23.6670175,-46.742714
480,Homicidio,18/02/2017,"RUA DOMENICO CORVI, 1 JARDIM ANGELA - 05870120 S.PAULO SP",-23.6823447,-46.772534
481,Homicidio,18/02/2017,"AVENIDA MARIA COELHO AGUIAR, 1258 JD SAO LUIS - 05805000 S.PAULO SP",-23.655199,-46.7358944
482,Homicidio,23/02/2017,"RUA PLACIDO PARREIRA LIMA, 748 VILA CURUCA - 08151110 S.PAULO SP",-23.5205447,-46.4078149
483,Homicidio,20/02/2017,"AVENIDA MBOI GUACU, 883 JARDIM ANGELA - 04949000 S.PAULO SP",-23.722614,-46.7728594
484,Homicidio,20/02/2017,"RUA MARCO BASAITI, 0 CAPAO REDONDO - 05869250 S.PAULO SP",-23.6751308,-46.7722765
485,Homicidio,26/02/2017,"RUA ANTONIO FELIPE FILHO, 180 GRAJAU - 04845000 S.PAULO SP",-23.7498423,-46.6897026
486,Homicidio,26/02/2017,"RUA PEIXOTO GOMIDE, 74 CONSOLACAO - 01409001 S.PAULO SP",-23.5545732,-46.655587
487,Homicidio,23/02/2017,"AVENIDA CORONEL SEZEFREDO FAGUNDES, 19029 TREMEMBE - 02368000 S.PAULO SP",-23.4727845,-46.6072818
488,Homicidio,23/02/2017,"AVENIDA CORONEL SEZEFREDO FAGUNDES, 19029 TREMEMBE - 02368000 S.PAULO SP",-23.4727845,-46.6072818
489,Homicidio,22/02/2017,"RUA DAS IMBIRAS, 206 TREMEMBE - 02316000 S.PAULO SP",-23.464372,-46.5960492
492,Homicidio,23/02/2017,"RUA PAULO SERGIO COSTABILE - CEBOLA, 19 JD SAO LUIS - 04918285 S.PAULO SP",-23.6862323,-46.7377316
493,Homicidio,23/02/2017,"TRAVESSA TERRA TOMBADA, 0 IGUATEMI - 08344600 S.PAULO SP",-23.6101946,-46.4518653
495,Homicidio,26/02/2017,"PRACA ENGENHEIRO HUGO BRANDI, 15 VILA MARIA - 02168050 S.PAULO SP",-23.5168548,-46.5783871
496,Homicidio,26/02/2017,"RUA PADRE LINDOLFO ESTEVES, 4 JARDIM ANGELA - 04945210 S.PAULO SP",-23.7146767,-46.7818753
497,Homicidio,27/02/2017,"RUA ADOLFO SALDIAS, 13 JARDIM ANGELA - 04932420 S.PAULO SP",-23.6816553,-46.7605589
499,Homicidio,28/02/2017,"ESTRADA DE ITAPECERICA, 1661 JD SAO LUIS - 05835000 S.PAULO SP",-23.6485499,-46.7491643
503,Homicidio,25/02/2017,"RUA GALENO DE CASTRO, 279 CAMPO GRANDE - 04696040 S.PAULO SP",-23.6713841,-46.7014485
2,Homicidio,15/03/2017,"RUA DA CONSOLACAO, 400 REPUBLICA - 01301000 S.PAULO SP",-23.54792,-46.6425981
23,Homicidio,02/03/2017,"AVENIDA PRESIDENTE WILSON, 3100 IPIRANGA - 04220000 S.PAULO SP",-23.5800524,-46.5989258
24,Homicidio,02/03/2017,"RUA PEDRO FLAMENGO, 81 JD SAO LUIS - 05844195 S.PAULO SP",-23.6596777,-46.7409023
25,Homicidio,02/03/2017,"AVENIDA RAIMUNDO PEREIRA DE MAGALHAES, 6000 PIRITUBA - - S.PAULO SP",-23.4806478,-46.7253106
26,Homicidio,02/03/2017,"AVENIDA RAIMUNDO PEREIRA DE MAGALHAES, 6000 PIRITUBA - - S.PAULO SP",-23.4806478,-46.7253106
27,Homicidio,06/03/2017,"AVENIDA CORONEL SEZEFREDO FAGUNDES, 28000 TREMEMBE - 02368000 S.PAULO SP",-23.4547149,-46.6021654
28,Homicidio,07/03/2017,"RUA LOUIS DAQUIN, 171 GRAJAU - 04843070 S.PAULO SP",-23.739252,-46.696138
30,Homicidio,08/03/2017,"RODOVIA BR 381, 78 TREMEMBE - - S.PAULO SP",-23.3987927,-46.5763456
31,Homicidio,09/03/2017,"AVENIDA GENERAL ASDRUBAL DA CUNHA, 1411 RAPOSO TAVARES - 05565000 S.PAULO SP",-23.5925409,-46.7898459
32,Homicidio,10/03/2017,"RUA CAVALHEIRO, 169 BRAS - 03050010 S.PAULO SP",-23.5429178,-46.6147524
33,Homicidio,10/03/2017,"RUA TAPINHUAU, 23 LAJEADO - 08441470 S.PAULO SP",-23.5402712,-46.421177
34,Homicidio,11/03/2017,"RUA GLICERIO RODRIGUES, 50 VILA JACUI - 08062140 S.PAULO SP",-23.5073437,-46.4769168
35,Homicidio,13/03/2017,"RUA BICICLETA, 32 VILA MARIA - 02169060 S.PAULO SP",-23.5167388,-46.5741069
37,Homicidio,13/03/2017,"RUA CHUVAS DE VERAO, 20 JOSE BONIFACIO - 08421570 S.PAULO SP",-23.5652123,-46.4236504
39,Homicidio,15/03/2017,"RUA CONSTANTINO GOMES, 1 ITAIM PAULISTA - 08141250 S.PAULO SP",-23.5145798,-46.3907348
43,Homicidio,16/03/2017,"TRAVESSA TERRA TOMBADA, 1 IGUATEMI - 08344600 S.PAULO SP",-23.6101904,-46.45187
47,Homicidio,22/03/2017,"RUA DOUTOR LUIZ AYRES, 3700 ITAQUERA - 03568000 S.PAULO SP",-23.5433982,-46.469944
48,Homicidio,23/03/2017,"RUA RECANTO DO SOL, 87 IGUATEMI - 08382340 S.PAULO SP",-23.6132642,-46.4229022
51,Homicidio,24/03/2017,"RUA JUVENAL DE JERUSALEM, 262 GRAJAU - 04859060 S.PAULO SP",-23.7656831,-46.7068754
82,Homicidio,06/03/2017,"RUA BUTIA, 175 AGUA RASA - 03346010 S.PAULO SP",-23.5598134,-46.5714823
83,Homicidio,06/03/2017,"RUA BUTIA, 175 AGUA RASA - 03346010 S.PAULO SP",-23.5598134,-46.5714823
84,Homicidio,06/03/2017,"RUA BUTIA, 175 AGUA RASA - 03346010 S.PAULO SP",-23.5598134,-46.5714823
146,Homicidio,02/03/2017,"RUA PEDRO FLAMENGO, 81 JD SAO LUIS - 05844195 S.PAULO SP",-23.6596777,-46.7409023
151,Homicidio,06/03/2017,"RUA FRANCISCO XAVIER DE SALES, 540 JD SAO LUIS - 05830250 S.PAULO SP",-23.670229,-46.7447576
155,Homicidio,26/02/2017,"RUA ARIBUGU, 500 JD SAO LUIS - 05844020 S.PAULO SP",-23.6625324,-46.7410984
156,Homicidio,07/02/2017,"RUA SERRA DO APODI, 22 JARDIM HELENA - 08180460 S.PAULO SP",-23.4816516,-46.4096905
159,Homicidio,23/03/2017,"AVENIDA ENGENHEIRO EUSEBIO STEVAUX, 1728 CAMPO GRANDE - 04696000 S.PAULO SP",-23.6746079,-46.6975068
161,Homicidio,03/03/2017,"ESTRADA DO JACEGUAVA, 500 PARELHEIROS - 04870425 S.PAULO SP",-23.775959,-46.7285728
162,Homicidio,21/03/2017,"RUA DOMENICO MELLI, 414 ARTUR ALVIM - 03591110 S.PAULO SP",-23.5527925,-46.4815559
166,Homicidio,01/03/2017,"RUA DOUTOR COSTA VALENTE, 0 BRAS - 03052000 S.PAULO SP",-23.5387952,-46.6107155
167,Homicidio,15/03/2017,"AVENIDA INTERLAGOS, 200 CAMPO GRANDE - 04661000 S.PAULO SP",-23.6825852,-46.6901908
185,Homicidio,14/03/2017,"RUA PADRE CURSINO DE MOURA, 135 JARDIM COLINA - 04292070 S.PAULO SP",-23.6189113,-46.6137828
186,Homicidio,03/03/2017,"ALAMEDA RODRIGO DE BRUM, 1989 ERMELINO MATARAZZO - 03807230 S.PAULO SP",-23.5001451,-46.472176
198,Homicidio,24/03/2017,"RUA JUVENAL DE JERUSALEM, 262 GRAJAU - 04859060 S.PAULO SP",-23.7656831,-46.7068754
204,Homicidio,27/03/2017,"AVENIDA PRIMAVERA DE CAIENA, 851 SAPOPEMBA - 03981010 S.PAULO SP",-23.6144989,-46.5168578
227,Homicidio,09/03/2017,"AVENIDA PRESIDENTE CASTELO BRANCO, 7849 BARRA FUNDA - - S.PAULO SP",-23.5125995,-46.6815726
228,Homicidio,09/03/2017,"AVENIDA PRESIDENTE CASTELO BRANCO, 7849 BARRA FUNDA - - S.PAULO SP",-23.5125995,-46.6815726
229,Homicidio,09/03/2017,"AVENIDA PRESIDENTE CASTELO BRANCO, 7849 BARRA FUNDA - - S.PAULO SP",-23.5125995,-46.6815726
232,Homicidio,02/03/2017,"AVENIDA RAIMUNDO PEREIRA DE MAGALHAES, 6000 PIRITUBA - - S.PAULO SP",-23.4806478,-46.7253106
233,Homicidio,02/03/2017,"AVENIDA RAIMUNDO PEREIRA DE MAGALHAES, 6000 PIRITUBA - - S.PAULO SP",-23.4806478,-46.7253106
240,Homicidio,09/03/2017,"RUA ERCILIO CONTRUCCI, 59 SACOMA - 04177040 S.PAULO SP",-23.6438743,-46.6121421
247,Homicidio,20/03/2017,"AVENIDA DOS METALURGICOS, 2500 CIDADE TIRADENTES - 08471000 S.PAULO SP",-23.6014909,-46.399112
251,Homicidio,07/03/2017,"RUA VICENTE DE CARVALHO, 100 CAMBUCI - 05281070 S.PAULO SP",-23.5615175,-46.6180736
254,Homicidio,24/03/2017,"RUA BERGSON, 1866 VILA LEOPOLDINA - 05301060 S.PAULO SP",-23.5342223,-46.720887
255,Homicidio,25/03/2017,"AVENIDA DOUTOR GASTAO VIDIGAL, 700 VILA LEOPOLDINA - 05314000 S.PAULO SP",-23.5249266,-46.7413416
257,Homicidio,25/03/2017,"AVENIDA DOUTOR GASTAO VIDIGAL, 700 VILA LEOPOLDINA - 05314000 S.PAULO SP",-23.5249266,-46.7413416
260,Homicidio,23/03/2017,"RUA RECANTO DO SOL, 87 IGUATEMI - 08382340 S.PAULO SP",-23.6132642,-46.4229022
262,Homicidio,10/03/2017,"RUA CAVALHEIRO, 169 BRAS - 03050010 S.PAULO SP",-23.5429178,-46.6147524
263,Homicidio,17/03/2017,"AVENIDA DOUTOR GENTIL DE MOURA, 0 JARDIM COLINA - 04278080 S.PAULO SP",-23.6026103,-46.6170642
264,Homicidio,17/03/2017,"AVENIDA DOUTOR GENTIL DE MOURA, 0 JARDIM COLINA - 04278080 S.PAULO SP",-23.6026103,-46.6170642
265,Homicidio,14/03/2017,"AVENIDA DOUTOR ENEAS CARVALHO DE AGUIAR, 255 JARDIM PAULISTA - 05403000 S.PAULO SP",-23.557515,-46.6700192
266,Homicidio,27/03/2017,"RUA MOISES DE CORENA, 364 CIDADE TIRADENTES - 08475170 S.PAULO SP",-23.5845814,-46.4015561
267,Homicidio,05/03/2017,"AVENIDA ELISIO TEIXEIRA LEITE, 4827 PIRITUBA - 02810000 S.PAULO SP",-23.4581725,-46.7150619
268,Homicidio,09/03/2017,"AVENIDA GENERAL ASDRUBAL DA CUNHA, 1411 RAPOSO TAVARES - 05565000 S.PAULO SP",-23.5925409,-46.7898459
280,Homicidio,12/03/2017,"RUA MARIO LINHARES, 948 CAMPO LIMPO - 05736160 S.PAULO SP",-23.6347609,-46.7472019
281,Homicidio,13/03/2017,"RUA CHUVAS DE VERAO, 20 JOSE BONIFACIO - 08421570 S.PAULO SP",-23.5652123,-46.4236504
284,Homicidio,12/03/2017,"RUA ANTONIO GOMES CORREA, 26 CAMPO LIMPO - 05767310 S.PAULO SP",-23.6357383,-46.7594889
295,Homicidio,12/03/2017,"AVENIDA HUGO ITALO MERIGO, 200 BRASILANDIA - 02879000 S.PAULO SP",-23.4513518,-46.6978981
296,Homicidio,12/03/2017,"RUA APARECIDA DO TABOADO, 299 FREGUESIA DO O - 02814000 S.PAULO SP",-23.4612349,-46.711066
298,Homicidio,06/03/2017,"RUA ARLINDO BETTIO, 683 ERMELINO MATARAZZO - 03828000 S.PAULO SP",-23.4830937,-46.4905799
300,Homicidio,06/03/2017,"RUA ARLINDO BETTIO, 683 ERMELINO MATARAZZO - 03828000 S.PAULO SP",-23.4830937,-46.4905799
302,Homicidio,24/03/2017,"RUA DOM BOSCO, 424 CAMBUCI - 03105020 S.PAULO SP",-23.5555971,-46.6181808
304,Homicidio,01/03/2017,"RUA PROFESSOR FONSECA LESSA, 289 SAPOPEMBA - 03983210 S.PAULO SP",-23.6140369,-46.507919
310,Homicidio,29/03/2017,"RUA ALBERTO CALLIX, 76 ANHANGUERA - 05267030 S.PAULO SP",-23.4420571,-46.7950495
311,Homicidio,29/03/2017,"RUA ALBERTO CALLIX, 76 ANHANGUERA - 05267030 S.PAULO SP",-23.4420571,-46.7950495
312,Homicidio,02/03/2017,"RUA ARVORE DO VIAJANTE, 240 JARDIM HELENA - 08180260 S.PAULO SP",-23.4912801,-46.4119895
314,Homicidio,28/03/2017,"RUA FREDERICO ALVARENGA, 60 SE - 01020030 S.PAULO SP",-23.5498505,-46.6296705
316,Homicidio,11/03/2017,"RUA GLICERIO RODRIGUES, 50 VILA JACUI - 08062140 S.PAULO SP",-23.5073437,-46.4769168
319,Homicidio,07/03/2017,"RUA LOUIS DAQUIN, 171 GRAJAU - 04843070 S.PAULO SP",-23.739252,-46.696138
323,Homicidio,04/03/2017,"RUA PROFESSOR ANTONIO MARIA MOURA, 954 JD SAO LUIS - 05830340 S.PAULO SP",-23.6706302,-46.7427647
325,Homicidio,06/03/2017,"AVENIDA CORONEL SEZEFREDO FAGUNDES, 28000 TREMEMBE - 02368000 S.PAULO SP",-23.4547149,-46.6021654
326,Homicidio,18/03/2017,"RUA CATARINA LOPES, 34 ITAQUERA - 08225000 S.PAULO SP",-23.533453,-46.457102
329,Homicidio,05/03/2017,"RUA MONSENHOR JOAO PEDRO FUSENING, 280 JD SAO LUIS - 04918210 S.PAULO SP",-23.692672,-46.7425726
331,Homicidio,12/03/2017,"RUA CONGONHA DO SERTAO, 95 VILA CURUCA - 08161230 S.PAULO SP",-23.500453,-46.4148121
332,Homicidio,28/03/2017,"AVENIDA DEPUTADO CANTIDIO SAMPAIO, 4300 BRASILANDIA - 02860001 S.PAULO SP",-23.4520617,-46.7000301
335,Homicidio,15/03/2017,"RUA CONSTANTINO GOMES, 1 ITAIM PAULISTA - 08141250 S.PAULO SP",-23.5145798,-46.3907348
336,Homicidio,08/03/2017,"RODOVIA BR 381, 78 TREMEMBE - - S.PAULO SP",-23.3987927,-46.5763456
337,Homicidio,22/03/2017,"RUA DOUTOR LUIZ AYRES, 3700 ITAQUERA - 03568000 S.PAULO SP",-23.5433982,-46.469944
339,Homicidio,14/03/2017,"AVENIDA MARIA CURSI, 1199 SAO MATEUS - 03962000 S.PAULO SP",-23.6053789,-46.4815793
342,Homicidio,11/03/2017,"ESTRADA DO M BOI MIRIM, 5203 JARDIM ANGELA - 04939003 S.PAULO SP",-23.6921619,-46.7755938
347,Homicidio,12/03/2017,"RUA MARIO LINHARES, 1 CAMPO LIMPO - 05736160 S.PAULO SP",-23.6298024,-46.7513411
349,Homicidio,23/03/2017,"RUA JUVEVE, 18 RIO PEQUENO - 05387080 S.PAULO SP",-23.5649,-46.7651223
350,Homicidio,23/03/2017,"RUA JUVEVE, 18 RIO PEQUENO - 05387080 S.PAULO SP",-23.5649,-46.7651223
352,Homicidio,13/03/2017,"RUA BICICLETA, 32 VILA MARIA - 02169060 S.PAULO SP",-23.5167388,-46.5741069
357,Homicidio,22/03/2017,"RUA SIMAO GONCALVES, 147 ITAIM PAULISTA - 08110570 S.PAULO SP",-23.4967491,-46.3957572
358,Homicidio,17/03/2017,"RUA DOUTOR JOSE CARNEIRO VIANA, 27 JARDIM ANGELA - 04937170 S.PAULO SP",-23.6879588,-46.7597477
360,Homicidio,22/03/2017,"RUA GENEBRA, 177 REPUBLICA - 01316010 S.PAULO SP",-23.5524597,-46.639659
361,Homicidio,16/03/2017,"TRAVESSA TERRA TOMBADA, 1 IGUATEMI - 08344600 S.PAULO SP",-23.6101904,-46.45187
365,Homicidio,18/03/2017,"RUA MANUEL DA LUZ DRUMOND, 954 SAO RAFAEL - 08340410 S.PAULO SP",-23.6142741,-46.4537234
371,Homicidio,23/03/2017,"AVENIDA DOS METALURGICOS, 1797 CIDADE TIRADENTES - 08471000 S.PAULO SP",-23.5974657,-46.4038341
374,Homicidio,31/03/2017,"RUA PONTEVILA, 15 SAO MATEUS - 03940060 S.PAULO SP",-23.5930434,-46.4983576
376,Homicidio,27/03/2017,"RUA MOISES DE CORENA, 364 CIDADE TIRADENTES - 08475170 S.PAULO SP",-23.5845814,-46.4015561
379,Homicidio,30/03/2017,"RUA SOUSA GONZAGA, 66 IGUATEMI - 08380006 S.PAULO SP",-23.60052,-46.4376645
18,Homicidio,01/04/2017,"RUA PRIMO MORATTI, 1 JD SAO LUIS - 05847560 S.PAULO SP",-23.6570446,-46.7470395
19,Homicidio,01/04/2017,"RUA PRIMO MORATTI, 1 JD SAO LUIS - 05847560 S.PAULO SP",-23.6570446,-46.7470395
21,Homicidio,01/04/2017,"ESTRADA DA SERVIDAO, 0 PARELHEIROS - - S.PAULO SP",-23.8360064,-46.7318758
22,Homicidio,02/04/2017,"RUA MANOEL FERREIRA PIRES, 795 VILA FORMOSA - 03386090 S.PAULO SP",-23.5778668,-46.5248474
23,Homicidio,02/04/2017,"RUA GUARAPIRANGA, 796 ITAIM PAULISTA - 08160410 S.PAULO SP",-23.5034433,-46.406081
24,Homicidio,02/04/2017,"AVENIDA DONA HELENA PEREIRA DE MORAES, 200 VILA ANDRADE - 05707400 S.PAULO SP",-23.6353469,-46.7221046
25,Homicidio,02/04/2017,"RUA CARLOS COCO, 190 VILA CURUCA - 08160590 S.PAULO SP",-23.496561,-46.4088089
26,Homicidio,02/04/2017,"RUA CARLOS COCO, 190 VILA CURUCA - 08160590 S.PAULO SP",-23.496561,-46.4088089
27,Homicidio,03/04/2017,"RUA JOAO DE MESQUITA, 25 VILA CURUCA - 08030590 S.PAULO SP",-23.5011053,-46.418053
28,Homicidio,03/04/2017,"RUA DA SEREIA, 600 GRAJAU - 04856280 S.PAULO SP",-23.7794226,-46.6958085
29,Homicidio,04/04/2017,"RUA FELIPE ANGELI, 153 IGUATEMI - 08371390 S.PAULO SP",-23.599027,-46.4210954
30,Homicidio,04/04/2017,"RUA ANTONIO SERGIO DE MATOS, 23 JACANA - 02281203 S.PAULO SP",-23.4551701,-46.5829173
31,Homicidio,04/04/2017,"RUA ANTONIO SERGIO DE MATOS, 23 JACANA - 02281203 S.PAULO SP",-23.4551701,-46.5829173
32,Homicidio,04/04/2017,"RUA ANTONIO SERGIO DE MATOS, 23 JACANA - 02281203 S.PAULO SP",-23.4551701,-46.5829173
33,Homicidio,04/04/2017,"RUA ANTONIO SERGIO DE MATOS, 23 JACANA - 02281203 S.PAULO SP",-23.4551701,-46.5829173
34,Homicidio,04/04/2017,"RUA ANTONIO SERGIO DE MATOS, 23 JACANA - 02281203 S.PAULO SP",-23.4551701,-46.5829173
35,Homicidio,04/04/2017,"RUA ANTONIO SERGIO DE MATOS, 23 JACANA - 02281203 S.PAULO SP",-23.4551701,-46.5829173
36,Homicidio,05/04/2017,"AVENIDA MARGINAL DO ORATORIO, 3569 SAPOPEMBA - 03979030 S.PAULO SP",-23.6166623,-46.520049
37,Homicidio,05/04/2017,"VIELA CENTRAL, 1 VILA JACUI - 08040460 S.PAULO SP",-23.4621102,-46.4348584
38,Homicidio,05/04/2017,"VIELA CENTRAL, 1 VILA JACUI - 08040460 S.PAULO SP",-23.4621102,-46.4348584
39,Homicidio,05/04/2017,"VIELA CENTRAL, 1 VILA JACUI - 08040460 S.PAULO SP",-23.4621102,-46.4348584
40,Homicidio,06/04/2017,"RUA MIGUEL BORJA, 54 SAPOPEMBA - 03978130 S.PAULO SP",-23.6213685,-46.5047261
41,Homicidio,05/04/2017,"VIELA CENTRAL, 1 VILA JACUI - 08040460 S.PAULO SP",-23.4621102,-46.4348584
42,Homicidio,05/04/2017,"VIELA CENTRAL, 1 VILA JACUI - 08040460 S.PAULO SP",-23.4621102,-46.4348584
45,Homicidio,06/04/2017,"RUA OTACILIO DE CARVALHO LOPES, 295 JD SAO LUIS - 05844180 S.PAULO SP",-23.6546982,-46.7383775
46,Homicidio,06/04/2017,"RUA CANTO DO RIO VERDE, 11 VILA ANDRADE - 05734010 S.PAULO SP",-23.6229562,-46.7460974
47,Homicidio,07/04/2017,"RUA PEDRO MEDEIROS, 200 SAO RAFAEL - 08340510 S.PAULO SP",-23.617433,-46.4475619
48,Homicidio,07/04/2017,"RUA BARAO CARVALHO DO AMPARO, 37 CIDADE TIRADENTES - 08485442 S.PAULO SP",-23.5864849,-46.4128876
49,Homicidio,10/04/2017,"AVENIDA DOUTOR SYLVIO DE CAMPOS, 631 PERUS - 05211000 S.PAULO SP",-23.4070641,-46.7610428
51,Homicidio,10/04/2017,"RUA EDMUNDO COUBE, 220 GRAJAU - 04822250 S.PAULO SP",-23.7341788,-46.6921564
55,Homicidio,14/04/2017,"AVENIDA JACU PESSEGO NOVA TRABALHADORES, 0 IGUATEMI - - S.PAULO SP",-23.6030079,-46.4435499
56,Homicidio,15/04/2017,"TRAVESSA LEONARDO MOREIRA, 60 TREMEMBE - 02352080 S.PAULO SP",-23.4555181,-46.5940161
57,Homicidio,15/04/2017,"RUA DA CIPAUBA, 1 RIO PEQUENO - 05368170 S.PAULO SP",-23.5812572,-46.7527541
58,Homicidio,16/04/2017,"PRACA DA SE, 0 SE - 01001001 S.PAULO SP",-23.5493971,-46.6331974
59,Homicidio,16/04/2017,"AVENIDA CORONEL SEZEFREDO FAGUNDES, 28000 TREMEMBE - 02368000 S.PAULO SP",-23.4547149,-46.6021654
60,Homicidio,16/04/2017,"AVENIDA SENADOR TEOTONIO VILELA, 5250 CIDADE DUTRA - - S.PAULO SP",-23.7461918,-46.7075038
61,Homicidio,17/04/2017,"RUA PAOLO PORPORA, 640 JARDIM ANGELA - 05875350 S.PAULO SP",-23.6930902,-46.7834413
63,Homicidio,18/04/2017,"RUA JOAO DE CASTRO COSTA, 5 PONTE RASA - 03892020 S.PAULO SP",-23.5123432,-46.4869533
65,Homicidio,18/04/2017,"RUA DOMINGOS FERNANDES NOBRE, 180 JARDIM HELENA - 08190300 S.PAULO SP",-23.4902857,-46.3939025
66,Homicidio,18/04/2017,"RUA DOMINGOS FERNANDES NOBRE, 180 JARDIM HELENA - 08190300 S.PAULO SP",-23.4902857,-46.3939025
67,Homicidio,19/04/2017,"RODOVIA PRESIDENTE DUTRA (BR 116), 230 VILA MARIA - - S.PAULO SP",-23.4781964,-46.5312855
70,Homicidio,20/04/2017,"ESTRADA DO CAMPO LIMPO, 5340 CAMPO LIMPO - 05787000 S.PAULO SP",-23.6215464,-46.7577432
71,Homicidio,20/04/2017,"RUA TIBURCIO DE SOUSA, 340 ITAIM PAULISTA - 08140000 S.PAULO SP",-23.5004455,-46.3990524
72,Homicidio,21/04/2017,"RUA SANTO ANTONIO DE ITABERAVA, 437 ITAQUERA - 08290210 S.PAULO SP",-23.554475,-46.4501717
73,Homicidio,21/04/2017,"RUA SALDANHA DE OLIVEIRA, 427 FREGUESIA DO O - 02806050 S.PAULO SP",-23.4730372,-46.7011736
74,Homicidio,21/04/2017,"RUA SANTO ALBERTO, 540 CAMPO GRANDE - 04676042 S.PAULO SP",-23.6692442,-46.6837652
75,Homicidio,22/04/2017,"RUA CARLOS CALVO, 100 VILA MEDEIROS - 02161110 S.PAULO SP",-23.487686,-46.5673473
76,Homicidio,22/04/2017,"RUA CARLOS CALVO, 100 VILA MEDEIROS - 02161110 S.PAULO SP",-23.487686,-46.5673473
78,Homicidio,22/04/2017,"RUA JOAO MIGUEL FERNANDES COELHO, 0 CAMPO LIMPO - 05761420 S.PAULO SP",-23.6386896,-46.7670851
79,Homicidio,22/04/2017,"RUA AREIAS, 131 ITAIM PAULISTA - 08110010 S.PAULO SP",-23.5122657,-46.400812
80,Homicidio,22/04/2017,"ESTRADA DOM JOAO NERY, 3676 VILA CURUCA - 08151000 S.PAULO SP",-23.5249752,-46.3989245
81,Homicidio,22/04/2017,"ESTRADA DE POA, 2000 GUAIANASES - 08460000 S.PAULO SP",-23.553467,-46.3938764
82,Homicidio,22/04/2017,"RUA PAULINO DE BRITO, 277 VILA MEDEIROS - 02223010 S.PAULO SP",-23.4779591,-46.579775
83,Homicidio,23/04/2017,"RUA GOIAS, 139 PARQUE FERNANDA - 05889280 S.PAULO SP",-23.5499822,-46.6634304
85,Homicidio,23/04/2017,"RUA ITAQUAXIARA, 725 JARDIM ANGELA - 04932120 S.PAULO SP",-23.6808637,-46.7571928
87,Homicidio,23/04/2017,"RUA ANTONIO NASCENTES, 1 JACANA - 02279140 S.PAULO SP",-23.4569873,-46.5729169
88,Homicidio,24/04/2017,"RUA DOMINGOS PEREDA, 655 PIRITUBA - 02975030 S.PAULO SP",-23.4739535,-46.7124497
89,Homicidio,24/04/2017,"RUA SANTA AUTA, 134 FREGUESIA DO O - 02728090 S.PAULO SP",-23.4956976,-46.6861335
90,Homicidio,25/04/2017,"RUA AUGUSTO AVELINO DE MORAIS, 100 JARDIM ANGELA - 04966140 S.PAULO SP",-23.7265077,-46.7849968
91,Homicidio,26/04/2017,"AVENIDA DOUTOR LINO DE MORAES LEME, 409 CAMPO BELO - 04360001 S.PAULO SP",-23.6365128,-46.6612152
92,Homicidio,26/04/2017,"RUA TUPIRITAMA, 86 JABAQUARA - 04337000 S.PAULO SP",-23.6608212,-46.6434882
93,Homicidio,26/04/2017,"AVENIDA ARRAIAS DO ARAGUAIA, 900 SAO MATEUS - 03480080 S.PAULO SP",-23.5923227,-46.5067992
94,Homicidio,27/04/2017,"RUA DOUTOR LUIZ AYRES, 1800 ARTUR ALVIM - 03568000 S.PAULO SP",-23.5406256,-46.4846836
96,Homicidio,27/04/2017,"RUA RODRIGUES DE CAMPOS LEITE, 115 LAPA - 05054030 S.PAULO SP",-23.5374782,-46.7026461
97,Homicidio,27/04/2017,"RUA ENGENHEIRO JOSE CRUZ DE OLIVEIRA, 1 VILA JACUI - 08071040 S.PAULO SP",-23.4923734,-46.458247
98,Homicidio,28/04/2017,"AVENIDA COMENDADOR SANTANNA, 848 CAPAO REDONDO - 05866000 S.PAULO SP",-23.6743007,-46.7738098
100,Homicidio,28/04/2017,"RUA DESEMBARGADOR MARIO GUIMARAES, 12 ITAIM PAULISTA - 08130150 S.PAULO SP",-23.5103316,-46.3724771
102,Homicidio,29/04/2017,"RUA ANTONIO JOAO DE MEDEIROS, 30 ITAIM PAULISTA - 08140060 S.PAULO SP",-23.5029466,-46.397786
149,Homicidio,26/04/2017,"RUA TUPIRITAMA, 86 JABAQUARA - 04337000 S.PAULO SP",-23.6608212,-46.6434882
157,Homicidio,07/04/2017,"ESTACAO TREM CORINTHIANS - ITAQUERA, 0 ITAQUERA - - S.PAULO SP",-23.5422745,-46.4710881
161,Homicidio,11/04/2017,"RUA ANDRE VIDAL, 298 TATUAPE - 03065070 S.PAULO SP",-23.5362147,-46.5776738
167,Homicidio,27/03/2017,"RUA LUIS SAIA, 161 RAPOSO TAVARES - 05566030 S.PAULO SP",-23.5929052,-46.790966
189,Homicidio,12/03/2017,"RUA CONGONHA DO SERTAO, 95 VILA CURUCA - 08161230 S.PAULO SP",-23.500453,-46.4148121
190,Homicidio,12/04/2017,"RUA FREI ANTONIO FAGGIANO, 700 JOSE BONIFACIO - 08420740 S.PAULO SP",-23.5526888,-46.4335885
196,Homicidio,05/04/2017,"RUA BOIARUCA, 92 ERMELINO MATARAZZO - 03818025 S.PAULO SP",-23.4943808,-46.4961752
197,Homicidio,19/04/2017,"RUA MATIAS QUEVEDO, 240 JOSE BONIFACIO - 08255090 S.PAULO SP",-23.5551208,-46.4326456
202,Homicidio,10/04/2017,"AVENIDA DOUTOR FELIPE PINEL, 305 PIRITUBA - 02939000 S.PAULO SP",-23.4847718,-46.7290632
204,Homicidio,03/04/2017,"RUA DA SEREIA, 600 GRAJAU - 04856280 S.PAULO SP",-23.7794226,-46.6958085
208,Homicidio,19/04/2017,"RODOVIA PRESIDENTE DUTRA (BR 116), 230 VILA MARIA - - S.PAULO SP",-23.4781964,-46.5312855
211,Homicidio,10/04/2017,"AVENIDA DOUTOR SYLVIO DE CAMPOS, 631 PERUS - 05211000 S.PAULO SP",-23.4070641,-46.7610428
219,Homicidio,22/03/2017,"RUA GENEBRA, 177 REPUBLICA - 01316010 S.PAULO SP",-23.5524597,-46.639659
226,Homicidio,28/04/2017,"RUA SANTA EFIGENIA, 10 VILA MARIA - 02169150 S.PAULO SP",-23.5223701,-46.5787608
233,Homicidio,15/04/2017,"RUA DOS GIRASSOIS, 64 JARDIM HELENA - - S.PAULO SP",-23.4770279,-46.4179619
246,Homicidio,25/04/2017,"RUA AUGUSTO AVELINO DE MORAIS, 100 JARDIM ANGELA - 04966140 S.PAULO SP",-23.7265077,-46.7849968
270,Homicidio,20/04/2017,"ESTRADA DO CAMPO LIMPO, 5340 CAMPO LIMPO - 05787000 S.PAULO SP",-23.6215464,-46.7577432
271,Homicidio,07/04/2017,"RUA PEDRO MEDEIROS, 200 SAO RAFAEL - 08340510 S.PAULO SP",-23.617433,-46.4475619
278,Homicidio,12/04/2017,"AVENIDA RIO BRANCO, 109 REPUBLICA - 01206000 S.PAULO SP",-23.5417028,-46.6386482
279,Homicidio,12/04/2017,"AVENIDA RIO BRANCO, 109 REPUBLICA - 01206000 S.PAULO SP",-23.5417028,-46.6386482
305,Homicidio,07/04/2017,"PRACA DOUTOR JOAO MENDES, 10 SE - 01501001 S.PAULO SP",-23.551989,-46.6350388
313,Homicidio,31/03/2017,"RUA MACEDONIA, 504 BRASILANDIA - 02834010 S.PAULO SP",-23.475025,-46.6948301
315,Homicidio,05/04/2017,"RUA PROFESSORA NINA STOCCO, 10 CAMPO LIMPO - 05767000 S.PAULO SP",-23.6250741,-46.764831
316,Homicidio,05/04/2017,"RUA PROFESSORA NINA STOCCO, 10 CAMPO LIMPO - 05767000 S.PAULO SP",-23.6250741,-46.764831
317,Homicidio,05/04/2017,"RUA PROFESSORA NINA STOCCO, 10 CAMPO LIMPO - 05767000 S.PAULO SP",-23.6250741,-46.764831
319,Homicidio,06/04/2017,"RUA PEDRO DA ESPERANCA, 470 IGUATEMI - 08371070 S.PAULO SP",-23.5970791,-46.445112
320,Homicidio,13/04/2017,"RUA DOUTOR ALMEIDA LIMA, 250 BRAS - 03046010 S.PAULO SP",-23.5448469,-46.6152794
322,Homicidio,02/04/2017,"RUA JOVINIANO DE OLIVEIRA, 172 BRASILANDIA - 02846220 S.PAULO SP",-23.4599808,-46.7013299
324,Homicidio,16/04/2017,"RUA TANCREDO NEVES, 44 ANHANGUERA - 05274050 S.PAULO SP",-23.4374317,-46.8034245
330,Homicidio,11/04/2017,"RUA REVERENDO PEIXOTO DA SILVA, 170 CAMPO LIMPO - 05795010 S.PAULO SP",-23.6485556,-46.7768517
336,Homicidio,20/02/2017,"RUA DOUTOR CESARIO MOTA JUNIOR, 112 CONSOLACAO - 01221020 S.PAULO SP",-23.5426698,-46.6489685
339,Homicidio,21/04/2017,"ALAMEDA NOTHMANN, 1053 SANTA CECILIA - 01216001 S.PAULO SP",-23.5354423,-46.6504172
340,Homicidio,21/04/2017,"ALAMEDA NOTHMANN, 1053 SANTA CECILIA - 01216001 S.PAULO SP",-23.5354423,-46.6504172
342,Homicidio,01/04/2017,"RUA SAPUPIRA, 451 VILA JACUI - 08061440 S.PAULO SP",-23.5024688,-46.4708071
345,Homicidio,21/04/2017,"ALAMEDA NOTHMANN, 1053 SANTA CECILIA - 01216001 S.PAULO SP",-23.5354423,-46.6504172
346,Homicidio,21/04/2017,"ALAMEDA NOTHMANN, 1053 SANTA CECILIA - 01216001 S.PAULO SP",-23.5354423,-46.6504172
347,Homicidio,17/04/2017,"AVENIDA GIOVANNI GRONCHI, 6234 VILA ANDRADE - - S.PAULO SP",-23.6341054,-46.7370525
348,Homicidio,17/04/2017,"AVENIDA GIOVANNI GRONCHI, 6234 VILA ANDRADE - - S.PAULO SP",-23.6341054,-46.7370525
352,Homicidio,09/04/2017,"RUA JOSE ALVES FIDALGO, 26 CIDADE ADEMAR - 04428020 S.PAULO SP",-23.6843219,-46.6509097
353,Homicidio,18/04/2017,"RUA CONDE DE ITAGUAI, 299 MORUMBI - 05686030 S.PAULO SP",-23.6091623,-46.7029863
354,Homicidio,18/04/2017,"RUA CONDE DE ITAGUAI, 299 MORUMBI - 05686030 S.PAULO SP",-23.6091623,-46.7029863
355,Homicidio,18/04/2017,"RUA CONDE DE ITAGUAI, 299 MORUMBI - 05686030 S.PAULO SP",-23.6091623,-46.7029863
358,Homicidio,06/04/2017,"RUA ISAURA FONSECA, 21 SAO MIGUEL - 08071220 S.PAULO SP",-23.4896588,-46.4480207
360,Homicidio,28/04/2017,"RUA DOS ANDRADAS, 99 REPUBLICA - 01208001 S.PAULO SP",-23.5390768,-46.6374092
364,Homicidio,26/04/2017,"RUA ANTONIO DA SILVA HERDEIRO, 20 CIDADE TIRADENTES - 08490400 S.PAULO SP",-23.5686468,-46.4097708
366,Homicidio,01/04/2017,"RUA DOUTOR PAULO DE BARROS WHITAKER, 455 CIDADE DUTRA - 04807000 S.PAULO SP",-23.7168726,-46.6959706
369,Homicidio,21/04/2017,"RUA JOAO OLIVEIRA SALGADO, 335 CACHOEIRINHA - 02676000 S.PAULO SP",-23.4561415,-46.6723234
370,Homicidio,21/04/2017,"RUA JOAO OLIVEIRA SALGADO, 335 CACHOEIRINHA - 02676000 S.PAULO SP",-23.4561415,-46.6723234
371,Homicidio,21/04/2017,"RUA SALDANHA DE OLIVEIRA, 427 FREGUESIA DO O - 02806050 S.PAULO SP",-23.4730372,-46.7011736
378,Homicidio,23/04/2017,"AVENIDA DEPUTADO CANTIDIO SAMPAIO, 2300 BRASILANDIA - 02860001 S.PAULO SP",-23.4601808,-46.6844575
384,Homicidio,18/04/2017,"RUA JOAO DE CASTRO COSTA, 5 PONTE RASA - 03892020 S.PAULO SP",-23.5123432,-46.4869533
388,Homicidio,06/04/2017,"RUA MIGUEL BORJA, 54 SAPOPEMBA - 03978130 S.PAULO SP",-23.6213685,-46.5047261
390,Homicidio,16/04/2017,"RODOVIA SP 270, 14 BUTANTA - - S.PAULO SP",-23.5749229,-46.7070607
391,Homicidio,10/04/2017,"RUA CONSTELACAO DO TOURO, 25 GRAJAU - 04858150 S.PAULO SP",-23.7726974,-46.7081171
393,Homicidio,08/04/2017,"RUA SERRA DE ITABAIANA, 795 SAPOPEMBA - 03981040 S.PAULO SP",-23.6138125,-46.5135302
394,Homicidio,08/04/2017,"RUA ADAUTO FERNANDES DE ANDRADE, 33 SAPOPEMBA - 03923070 S.PAULO SP",-23.5953692,-46.5093266
395,Homicidio,29/04/2017,"RUA JACIRA ARTACHO, 432 CANGAIBA - 03716080 S.PAULO SP",-23.5031791,-46.5340014
396,Homicidio,04/04/2017,"RUA ANTONIO SERGIO DE MATOS, 23 JACANA - 02281203 S.PAULO SP",-23.4551701,-46.5829173
397,Homicidio,04/04/2017,"RUA ANTONIO SERGIO DE MATOS, 23 JACANA - 02281203 S.PAULO SP",-23.4551701,-46.5829173
398,Homicidio,04/04/2017,"RUA ANTONIO SERGIO DE MATOS, 23 JACANA - 02281203 S.PAULO SP",-23.4551701,-46.5829173
399,Homicidio,04/04/2017,"RUA ANTONIO SERGIO DE MATOS, 23 JACANA - 02281203 S.PAULO SP",-23.4551701,-46.5829173
400,Homicidio,04/04/2017,"RUA ANTONIO SERGIO DE MATOS, 23 JACANA - 02281203 S.PAULO SP",-23.4551701,-46.5829173
401,Homicidio,04/04/2017,"RUA ANTONIO SERGIO DE MATOS, 23 JACANA - 02281203 S.PAULO SP",-23.4551701,-46.5829173
402,Homicidio,27/04/2017,"RUA DOUTOR LUIZ AYRES, 1800 ARTUR ALVIM - 03568000 S.PAULO SP",-23.5406256,-46.4846836
405,Homicidio,16/04/2017,"AVENIDA SAO PAULO, 48 GRAJAU - 04849308 S.PAULO SP",-23.7333645,-46.659714
406,Homicidio,16/04/2017,"AVENIDA SENADOR TEOTONIO VILELA, 5250 CIDADE DUTRA - - S.PAULO SP",-23.7461918,-46.7075038
407,Homicidio,16/04/2017,"RUA PORTELA DE GOIS, 10 CIDADE DUTRA - 04829070 S.PAULO SP",-23.7244396,-46.7076667
408,Homicidio,07/04/2017,"RUA BARAO CARVALHO DO AMPARO, 37 CIDADE TIRADENTES - 08485442 S.PAULO SP",-23.5864849,-46.4128876
411,Homicidio,26/04/2017,"AVENIDA DOUTOR LINO DE MORAES LEME, 409 CAMPO BELO - 04360001 S.PAULO SP",-23.6365128,-46.6612152
412,Homicidio,16/04/2017,"ALAMEDA RIBEIRAO PRETO, 401 BELA VISTA - 01331001 S.PAULO SP",-23.5627423,-46.6510586
413,Homicidio,16/04/2017,"ALAMEDA RIBEIRAO PRETO, 401 BELA VISTA - 01331001 S.PAULO SP",-23.5627423,-46.6510586
415,Homicidio,16/04/2017,"ALAMEDA RIBEIRAO PRETO, 401 BELA VISTA - 01331001 S.PAULO SP",-23.5627423,-46.6510586
416,Homicidio,16/04/2017,"ALAMEDA RIBEIRAO PRETO, 401 BELA VISTA - 01331001 S.PAULO SP",-23.5627423,-46.6510586
419,Homicidio,20/04/2017,"RUA TIBURCIO DE SOUSA, 340 ITAIM PAULISTA - 08140000 S.PAULO SP",-23.5004455,-46.3990524
420,Homicidio,13/04/2017,"RUA TIJUCO DA SERRA, 2006 JARDIM ANGELA - 04941050 S.PAULO SP",-23.7055677,-46.7748136
421,Homicidio,22/04/2017,"ESTRADA DOM JOAO NERY, 3676 VILA CURUCA - 08151000 S.PAULO SP",-23.5249752,-46.3989245
422,Homicidio,14/04/2017,"RUA PEDRO FLAMENGO, 45 JD SAO LUIS - 05844195 S.PAULO SP",-23.6590526,-46.7406354
423,Homicidio,12/04/2017,"RUA BAIA DE TOUROS, 22 SAO MATEUS - 03964050 S.PAULO SP",-23.6032474,-46.4769406
425,Homicidio,16/04/2017,"AVENIDA CORONEL SEZEFREDO FAGUNDES, 28000 TREMEMBE - 02368000 S.PAULO SP",-23.4547149,-46.6021654
426,Homicidio,12/04/2017,"RUA BAIA DE TOUROS, 22 SAO MATEUS - 03964050 S.PAULO SP",-23.6032474,-46.4769406
427,Homicidio,12/04/2017,"AVENIDA DOUTOR ANTONIO MARIA LAET, 1 TUCURUVI - 02240000 S.PAULO SP",-23.4810413,-46.6048821
428,Homicidio,21/04/2017,"AVENIDA PAULISTA, 0 VILA MARIANA - - S.PAULO SP",-23.5712591,-46.6442273
430,Homicidio,14/04/2017,"AVENIDA JACU PESSEGO NOVA TRABALHADORES, 10 IGUATEMI - - S.PAULO SP",-23.6030079,-46.4435499
431,Homicidio,24/04/2017,"RUA SANTA AUTA, 134 FREGUESIA DO O - 02728090 S.PAULO SP",-23.4956976,-46.6861335
432,Homicidio,15/04/2017,"TRAVESSA LEONARDO MOREIRA, 60 TREMEMBE - 02352080 S.PAULO SP",-23.4555181,-46.5940161
438,Homicidio,21/04/2017,"ESTRADA DO M'BOI MIRIM, 5203 JARDIM ANGELA - 04905022 S.PAULO SP",-23.6921619,-46.7755938
440,Homicidio,29/04/2017,"RUA ANTONIO JOAO DE MEDEIROS, 30 ITAIM PAULISTA - 08140060 S.PAULO SP",-23.5029466,-46.397786
442,Homicidio,23/04/2017,"RUA GOIAS, 139 PARQUE FERNANDA - 05889280 S.PAULO SP",-23.5499822,-46.6634304
443,Homicidio,21/04/2017,"RUA CONFEDERACAO DOS TAMOIOS, 1000 IGUATEMI - 08380220 S.PAULO SP",-23.6025785,-46.4431849
444,Homicidio,21/04/2017,"ESTRADA DO M'BOI MIRIM, 5203 JARDIM ANGELA - 04905022 S.PAULO SP",-23.6921619,-46.7755938
445,Homicidio,22/04/2017,"RUA CARLOS CALVO, 100 VILA MEDEIROS - 02161110 S.PAULO SP",-23.487686,-46.5673473
446,Homicidio,22/04/2017,"RUA CARLOS CALVO, 100 VILA MEDEIROS - 02161110 S.PAULO SP",-23.487686,-46.5673473
449,Homicidio,22/04/2017,"RUA PAULINO DE BRITO, 277 VILA MEDEIROS - 02223010 S.PAULO SP",-23.4779591,-46.579775
451,Homicidio,28/04/2017,"AVENIDA ANDORINHA DOS BEIRAIS, 350 CAPAO REDONDO - 05887000 S.PAULO SP",-23.6751675,-46.7959008
0,Homicidio,01/05/2017,"AVENIDA RAGUEB CHOHFI, 100 - S.PAULO SP",-23.6107708,-46.4748936
1,Homicidio,02/05/2017,"RUA ARRAIAL DA PIRANGA, 0 - S.PAULO SP",-23.540518,-46.4034295
4,Homicidio,03/05/2017,"VIADUTO DIARIO POPULAR, 10 - S.PAULO SP",-23.5437341,-46.6294513
5,Homicidio,04/05/2017,"RUA HELENA MARIA VITA ROSO, 114 - S.PAULO SP",-23.591031,-46.7422532
6,Homicidio,04/05/2017,"RUA DOUTOR ANTONIO RUGGIERO JUNIOR, 314 - S.PAULO SP",-23.4808834,-46.7530218
7,Homicidio,04/05/2017,"RUA DOUTOR ANTONIO RUGGIERO JUNIOR, 314 - S.PAULO SP",-23.4808834,-46.7530218
8,Homicidio,04/05/2017,"RUA DO HIPODROMO, 44 - S.PAULO SP",-23.5410523,-46.6127192
9,Homicidio,04/05/2017,"AVENIDA BENTO GUELFI, 1995 - S.PAULO SP",-23.6119859,-46.4250543
10,Homicidio,04/05/2017,"RUA GAUPO, 1 - S.PAULO SP",-23.5393602,-46.745319
11,Homicidio,04/05/2017,"RUA GAUPO, 1 - S.PAULO SP",-23.5393602,-46.745319
12,Homicidio,04/05/2017,"RUA GAUPO, 1 - S.PAULO SP",-23.5393602,-46.745319
13,Homicidio,04/05/2017,"RUA GAUPO, 1 - S.PAULO SP",-23.5393602,-46.745319
14,Homicidio,04/05/2017,"RUA GAUPO, 1 - S.PAULO SP",-23.5393602,-46.745319
15,Homicidio,07/05/2017,"RUA PEDRO ESCOBAR, 248 - S.PAULO SP",-23.754231,-46.6669895
16,Homicidio,07/05/2017,"RUA ALMOTACEL, 282 - S.PAULO SP",-23.4628931,-46.6917719
17,Homicidio,07/05/2017,"RUA AGRIMENSOR SUGAYA, 1628 - S.PAULO SP",-23.5584243,-46.4304983
18,Homicidio,07/05/2017,"RUA ALMOTACEL, 282 - S.PAULO SP",-23.4628931,-46.6917719
19,Homicidio,07/05/2017,"RUA NEVES DE CARVALHO, 342 - S.PAULO SP",-23.5220187,-46.6475991
20,Homicidio,07/05/2017,"RUA DOUTOR ARTUR MOREIRA DE ALMEIDA, 238 - S.PAULO SP",-23.6779782,-46.7525064
21,Homicidio,11/05/2017,"RUA MATA REDONDA, 153 - S.PAULO SP",-23.4785591,-46.5889361
23,Homicidio,13/05/2017,"RUA TALMUD THORA, 77 - S.PAULO SP",-23.527198,-46.6379879
24,Homicidio,14/05/2017,"RUA PIRAJUIA, 94 - S.PAULO SP",-23.5463144,-46.7517528
25,Homicidio,14/05/2017,"RUA SABIA, 0 - S.PAULO SP",-23.6562724,-46.6378335
26,Homicidio,14/05/2017,"RUA JOSE ALVES DA SILVA, 623 - S.PAULO SP",-23.6979397,-46.7825386
28,Homicidio,18/05/2017,"RUA SAO JOSE DE SERZEDELO, 100 - S.PAULO SP",-23.4723699,-46.5730199
29,Homicidio,19/05/2017,"RUA PALERMO, 2 - S.PAULO SP",-23.6256375,-46.6291884
30,Homicidio,21/05/2017,"AVENIDA OLARIA, 48 - S.PAULO SP",-23.5904741,-46.7511779
31,Homicidio,21/05/2017,"RUA JOAO ABREU CASTELO BRANCO, 823 - S.PAULO SP",-23.5582464,-46.4639549
32,Homicidio,21/05/2017,"ESTRADA DO CAPIVARI, 1 - S.PAULO SP",-23.2110336,-47.2728819
33,Homicidio,21/05/2017,"ESTRADA DO CAPIVARI, 1 - S.PAULO SP",-23.2110336,-47.2728819
34,Homicidio,25/05/2017,"RUA HELENA MARIA DA SILVA, 137 - S.PAULO SP",-23.66816,-46.7463622
35,Homicidio,25/05/2017,"AVENIDA IGUATEMI, 5200 - S.PAULO SP",-23.5641735,-46.4161783
36,Homicidio,26/05/2017,"RUA GOVERNADOR RODRIGO HENRIQUES, 29 - S.PAULO SP",-23.4318552,-46.7125814
37,Homicidio,25/05/2017,"AVENIDA IGUATEMI, 5200 - S.PAULO SP",-23.5641735,-46.4161783
38,Homicidio,26/05/2017,"ESTRADA DO M'BOI MIRIM, 1000 - S.PAULO SP",-23.6722242,-46.7426479
39,Homicidio,26/05/2017,"AVENIDA CARLOS LACERDA, 100 - S.PAULO SP",-23.6345808,-46.7753559
40,Homicidio,29/05/2017,"RUA JORGE OGUSHI, 438 - S.PAULO SP",-23.5663736,-46.5176983
41,Homicidio,29/05/2017,"RUA JORGE OGUSHI, 438 - S.PAULO SP",-23.5663736,-46.5176983
42,Homicidio,29/05/2017,"RUA ANTONIO CARDOSO NOGUEIRA, 1100 - S.PAULO SP",-23.4542326,-46.7555439
43,Homicidio,30/05/2017,"RUA LIRIO DO VALE, 0 - S.PAULO SP",-23.5991066,-46.4990582
44,Homicidio,09/05/2017,"RUA MARTINHO ARCANJO DOS SANTOS, 200 - S.PAULO SP",-23.5260817,-46.4292359
45,Homicidio,09/05/2017,"RUA MARTINHO ARCANJO DOS SANTOS, 200 - S.PAULO SP",-23.5260817,-46.4292359
46,Homicidio,31/05/2017,"RUA NOSSA SENHORA DOS ANJOS, 595 - S.PAULO SP",-23.5684021,-46.5569191
47,Homicidio,12/04/2017,"RUA FREI ANTONIO FAGGIANO, 700 - S.PAULO SP",-23.5526888,-46.4335885
48,Homicidio,11/05/2017,"RUA PROFESSOR CARLOS DECOURT, 223 - S.PAULO SP",-23.6858138,-46.6612671
49,Homicidio,12/05/2017,"RUA LUAR DO SERTAO, 300 - S.PAULO SP",-23.688383,-46.7927826
50,Homicidio,11/05/2017,"RUA AUGUSTO CARLOS BAUMAN, 485 - S.PAULO SP",-23.5333414,-46.4503833
51,Homicidio,11/05/2017,"ESTRADA DE MOGI DAS CRUZES, 1593 - S.PAULO SP",-23.5157334,-46.4847342
52,Homicidio,11/05/2017,"RUA AUGUSTO CARLOS BAUMAN, 485 - S.PAULO SP",-23.5333414,-46.4503833
53,Homicidio,09/05/2017,"AVENIDA LINS DE VASCONCELOS, 1695 - S.PAULO SP",-23.5784043,-46.6237236
54,Homicidio,08/05/2017,"RUA ROCHA, 157 - S.PAULO SP",-23.5575674,-46.6497
55,Homicidio,12/05/2017,"RUA NOBREGA DE SOUSA COUTINHO, 19 - S.PAULO SP",-23.4610453,-46.6605277
56,Homicidio,14/05/2017,"RUA PIRAJUIA, 94 - S.PAULO SP",-23.5463144,-46.7517528
57,Homicidio,21/05/2017,"AVENIDA PROFESSOR LINEU PRESTES, 2565 - S.PAULO SP",-23.5649897,-46.740635
58,Homicidio,03/05/2017,"VIADUTO DIARIO POPULAR, 10 - S.PAULO SP",-23.5437341,-46.6294513
59,Homicidio,04/05/2017,"RUA DO HIPODROMO, 44 - S.PAULO SP",-23.5410523,-46.6127192
60,Homicidio,09/05/2017,"RUA LEOPOLDO AMARAL, 119 - S.PAULO SP",-23.5790416,-46.6226739
61,Homicidio,07/05/2017,"RUA NEVES DE CARVALHO, 342 - S.PAULO SP",-23.5220187,-46.6475991
62,Homicidio,05/05/2017,"ESTRADA MONOS, 10 - S.PAULO SP",-23.5854073,-46.4438799
63,Homicidio,14/05/2017,"RUA ANTONIO DE GODOI, 33 - S.PAULO SP",-23.5422084,-46.6375255
64,Homicidio,30/05/2017,"RUA DO PACIFICADOR, 51 - S.PAULO SP",-23.6166028,-46.5894909
65,Homicidio,19/05/2017,"PRACA RAMOS DE AZEVEDO, 99 - S.PAULO SP",-23.5453843,-46.6391687
66,Homicidio,02/05/2017,"RUA OLIVIA MARIA NOGUEIRA, 25 - S.PAULO SP",-23.6853494,-46.6366671
67,Homicidio,23/05/2017,"PRACA FERNANDO COSTA, 1 - S.PAULO SP",-23.5473528,-46.6319223
68,Homicidio,01/05/2017,"RUA LAGOA TAI GRANDE, 1186 - S.PAULO SP",-23.5548172,-46.4522232
69,Homicidio,20/05/2017,"RUA ITAJUBAQUARA, 100 - S.PAULO SP",-23.6163276,-46.7285433
70,Homicidio,21/05/2017,"AVENIDA OLARIA, 48 - S.PAULO SP",-23.5904741,-46.7511779
71,Homicidio,15/05/2017,"RUA RODOLFO MARCOS TEOFILO, 84 - S.PAULO SP",-23.475001,-46.6798658
72,Homicidio,15/05/2017,"RUA RODOLFO MARCOS TEOFILO, 84 - S.PAULO SP",-23.475001,-46.6798658
73,Homicidio,15/05/2017,"RUA SALVADOR OLIVEIRA PAES, 500 - S.PAULO SP",-23.6853706,-46.6535108
74,Homicidio,07/05/2017,"RUA AGRIMENSOR SUGAYA, 1628 - S.PAULO SP",-23.5584243,-46.4304983
75,Homicidio,06/05/2017,"AVENIDA ARATAS, 998 - S.PAULO SP",-23.6132508,-46.6581449
76,Homicidio,06/05/2017,"AVENIDA ARATAS, 998 - S.PAULO SP",-23.6132508,-46.6581449
77,Homicidio,18/05/2017,"RUA ERMINIA, 58 - S.PAULO SP",-23.6864362,-46.6410754
78,Homicidio,06/05/2017,"AVENIDA ARATAS, 998 - S.PAULO SP",-23.6132508,-46.6581449
79,Homicidio,06/05/2017,"AVENIDA ARATAS, 998 - S.PAULO SP",-23.6132508,-46.6581449
80,Homicidio,07/05/2017,"RUA AGRIMENSOR SUGAYA, 1628 - S.PAULO SP",-23.5584243,-46.4304983
81,Homicidio,01/05/2017,"AVENIDA OTAVIANO ALVES DE LIMA, 2000 - S.PAULO SP",-23.5160923,-46.6524271
82,Homicidio,21/05/2017,"RUA NOVE, 1 - S.PAULO SP",-23.5481835,-46.6387662
83,Homicidio,09/05/2017,"AVENIDA DOUTOR ENEAS CARVALHO DE AGUIAR, 600 - S.PAULO SP",-23.5551429,-46.6729293
84,Homicidio,07/05/2017,"RUA DANIEL NORCOMBE, 195 - S.PAULO SP",-23.5209429,-46.4289895
85,Homicidio,19/05/2017,"RUA PALMARES DO SUL, 0 - S.PAULO SP",-23.5083684,-46.4579421
86,Homicidio,07/05/2017,"RUA PEDRO ESCOBAR, 248 - S.PAULO SP",-23.754231,-46.6669895
87,Homicidio,29/04/2017,"AVENIDA MARECHAL TITO, 6035 - S.PAULO SP",-23.4921116,-46.3891281
93,Homicidio,04/05/2017,"RUA GAUPO, 1 - S.PAULO SP",-23.5393602,-46.745319
94,Homicidio,04/05/2017,"RUA GAUPO, 1 - S.PAULO SP",-23.5393602,-46.745319
95,Homicidio,04/05/2017,"RUA GAUPO, 1 - S.PAULO SP",-23.5393602,-46.745319
96,Homicidio,04/05/2017,"RUA GAUPO, 1 - S.PAULO SP",-23.5393602,-46.745319
97,Homicidio,13/05/2017,"AVENIDA AUGUSTO BARBOSA TAVARES, 284 - S.PAULO SP",-23.6410599,-46.7834213
98,Homicidio,13/05/2017,"AVENIDA AUGUSTO BARBOSA TAVARES, 284 - S.PAULO SP",-23.6410599,-46.7834213
99,Homicidio,21/05/2017,"ESTRADA DO CAPIVARI, 1 - S.PAULO SP",-23.2110336,-47.2728819
100,Homicidio,18/05/2017,"RUA GONCALO BARROS, 89 - S.PAULO SP",-23.6817581,-46.7792907
101,Homicidio,18/05/2017,"RUA RIO BRANCO PARANHOS, 14 - S.PAULO SP",-23.6757315,-46.7569726
102,Homicidio,30/05/2017,"RUA LEITE DE BARROS, 96 - S.PAULO SP",-23.49549,-46.6734533
103,Homicidio,18/05/2017,"RUA GIUSEPPE MARINO, 277 - S.PAULO SP",-23.5180284,-46.5575178
104,Homicidio,22/05/2017,"TRAVESSA ALEM DO HORIZONTE, 32 - S.PAULO SP",-23.6089149,-46.4541495
105,Homicidio,22/05/2017,"AVENIDA RAGUEB CHOFFI, 5720 - S.PAULO SP",-23.5951795,-46.4298404
106,Homicidio,22/05/2017,"AVENIDA RAGUEB CHOFFI, 5720 - S.PAULO SP",-23.5951795,-46.4298404
107,Homicidio,18/05/2017,"RUA SAO JOSE DE SERZEDELO, 100 - S.PAULO SP",-23.4723699,-46.5730199
108,Homicidio,25/05/2017,"RUA HELENA MARIA DA SILVA, 196 - S.PAULO SP",-23.6678352,-46.7464325
109,Homicidio,28/05/2017,"RUA JOAO FALCAO, 174 - S.PAULO SP",-23.6830723,-46.7486074
110,Homicidio,29/05/2017,"ESTRADA DO M'BOI MIRIM, 6061 - S.PAULO SP",-23.6963754,-46.7794334
111,Homicidio,13/05/2017,"AVENIDA FRANCISCO DE CARVALHO, 279 - S.PAULO SP",-23.6930398,-46.7115151
0,Furto de Celular,01/07/2017,"AVENIDA FRANCISCO MATARAZZO, 1705 BARRA FUNDA - 05001000 S.PAULO SP",-23.5276431,-46.6784445
1,Furto de Celular,02/07/2017,"RUA MARECHAL HASTINFILO DE MOURA, 30 VILA SONIA - 05641000 S.PAULO SP",-23.6164481,-46.7418672
2,Furto de Celular,01/07/2017,"RUA PALESTRA ITALIA, 1 PERDIZES - 05019000 S.PAULO SP",-23.5266969,-46.6808793
3,Furto de Celular,30/06/2017,"AVENIDA DO ESTADO, 0 BOM RETIRO - - S.PAULO SP",-23.5426117,-46.6290227
4,Furto de Celular,01/07/2017,"RUA MARIA MARCOLINA, 0 BRAS - 03011001 S.PAULO SP",-23.5414465,-46.6141677
5,Furto de Celular,02/07/2017,"AVENIDA RANGEL PESTANA, 300 SE - 01017000 S.PAULO SP",-23.5501775,-46.6304267
6,Furto de Celular,26/06/2017,"RUA RODRIGUES DOS SANTOS, 91 BRAS - 03009010 S.PAULO SP",-23.5389267,-46.6205404
7,Furto de Celular,03/07/2017,"RUA BELEM, 0 BELEM - 03057010 S.PAULO SP",-23.538054,-46.5982988
8,Furto de Celular,02/07/2017,"RUA MARCOS ARRUDA, 0 BELEM - 03020000 S.PAULO SP",-23.532871,-46.6027281
9,Furto de Celular,02/07/2017,"AVENIDA REBOUCAS, 2467 PINHEIROS - 05402500 S.PAULO SP",-23.567365,-46.6836262
11,Furto de Celular,01/07/2017,"ESTACAO METRO PALMEIRAS - BARRA FUNDA, 0 BARRA FUNDA - - S.PAULO SP",-23.5267005,-46.6676372
12,Furto de Celular,01/07/2017,"ESTACAO METRO VILA MATILDE, 999 VILA MATILDE - - S.PAULO SP",-23.5318949,-46.5309147
13,Furto de Celular,17/06/2017,"RUA GUAICURUS, 324 LAPA - 05033000 S.PAULO SP",-23.5228918,-46.6880878
14,Furto de Celular,28/06/2017,"RUA HELVETIA, 125 SANTA CECILIA - 01215010 S.PAULO SP",-23.5337096,-46.6422088
15,Furto de Celular,01/07/2017,"AVENIDA REBOUCAS, 10 JARDIM PAULISTA - 05401000 S.PAULO SP",-23.5655782,-46.6805658
16,Furto de Celular,02/07/2017,"RUA MARCO BELTRAME, 0 ITAIM PAULISTA - 08140120 S.PAULO SP",-23.5032996,-46.3978114
17,Furto de Celular,29/06/2017,"AVENIDA JACU PESSEGO NOVA TRABALHADORES, 1 IGUATEMI - - S.PAULO SP",-23.6030079,-46.4435499
18,Furto de Celular,03/07/2017,"RUA MARTIM BURCHARD, 600 BRAS - 03043020 S.PAULO SP",-23.5493618,-46.6156982
19,Furto de Celular,22/06/2017,"RUA MELO FREIRE, 1 TATUAPE - 03314030 S.PAULO SP",-23.5418421,-46.5801728
20,Furto de Celular,01/07/2017,"RUA DOS PINHEIROS, 1205 PINHEIROS - 05422012 S.PAULO SP",-23.5681233,-46.6893058
21,Furto de Celular,02/07/2017,"PRACA DA LIBERDADE, 1 SE - 01503010 S.PAULO SP",-23.5550212,-46.6352983
22,Furto de Celular,01/07/2017,"RUA ORIENTE, 297 BRAS - 03016001 S.PAULO SP",-23.5378707,-46.6193061
23,Furto de Celular,30/06/2017,"RUA SOLDADO MANASSES AGUIAR BARROS, 6 VILA MARIA - 02180080 S.PAULO SP",-23.5183294,-46.566424
24,Furto de Celular,01/07/2017,"RUA MC CONNEL, 73 CIDADE ADEMAR - 04411070 S.PAULO SP",-23.6762827,-46.646703
25,Furto de Celular,02/07/2017,"RUA ESTANISLAU MONIUSKO, 100 CIDADE ADEMAR - 04429010 S.PAULO SP",-23.6761602,-46.6606306
26,Furto de Celular,04/07/2017,"ESTRADA ITAQUERA GUAIANAZES, 2552 JOSE BONIFACIO - 08420000 S.PAULO SP",-23.5427476,-46.4247633
27,Furto de Celular,02/07/2017,"RUA FLOR DE LOTUS, 158 TREMEMBE - 08391590 S.PAULO SP",-23.4470116,-46.5819046
28,Furto de Celular,01/07/2017,"RUA RITA DE CASSIA, 16 SACOMA - 04233270 S.PAULO SP",-23.6089534,-46.5965286
29,Furto de Celular,02/07/2017,"RUA AGUAS DA PRATA, 276 PIRITUBA - 02933160 S.PAULO SP",-23.4934802,-46.7113256
30,Furto de Celular,03/07/2017,"ESTRADA DAS LAGRIMAS, 1200 SACOMA - 04232000 S.PAULO SP",-23.6118502,-46.5949162
31,Furto de Celular,02/07/2017,"AVENIDA PAULISTA, 1700 JARDIM PAULISTA - - S.PAULO SP",-23.5606499,-46.6571021
32,Furto de Celular,28/05/2017,"RUA DELEGADO EVERTON, 120 BELA VISTA - 01314050 S.PAULO SP",-23.5528123,-46.6474902
33,Furto de Celular,30/06/2017,"RUA REGO BARROS, 700 ARICANDUVA - 03460000 S.PAULO SP",-23.5651362,-46.5165611
34,Furto de Celular,01/07/2017,"AVENIDA COMENDADOR ALBERTO BONFIGLIOLI, 646 BUTANTA - 05593001 S.PAULO SP",-23.5788258,-46.7396841
35,Furto de Celular,03/07/2017,"AVENIDA JACU PESSEGO NOVA TRABALHADORES, 201 IGUATEMI - - S.PAULO SP",-23.5595464,-46.4455254
36,Furto de Celular,01/07/2017,"RUA JOSE BONIFACIO FILHO, 60 CIDADE DUTRA - 04813060 S.PAULO SP",-23.7187308,-46.6894436
37,Furto de Celular,24/06/2017,"RUA DO MANIFESTO, 1183 IPIRANGA - 04209001 S.PAULO SP",-23.5837904,-46.6001182
38,Furto de Celular,05/01/2017,"PRACA SILVIO ROMERO, 55 TATUAPE - 03323000 S.PAULO SP",-23.545099,-46.573873
39,Furto de Celular,03/07/2017,"AVENIDA TIRADENTES, 2000 BOM RETIRO - - S.PAULO SP",-23.5287924,-46.6316164
40,Furto de Celular,02/07/2017,"RUA GAMA LOBO, 150 IPIRANGA - 04117091 S.PAULO SP",-23.5858878,-46.6131769
41,Furto de Celular,02/06/2017,"AVENIDA LUIZ DUMONT VILLARES, 794 VILA GUILHERME - - S.PAULO SP",-23.4949346,-46.611613
42,Furto de Celular,03/07/2017,"RUA GOMES DE CARVALHO, 393 ITAIM BIBI - 04547002 S.PAULO SP",-23.6006496,-46.6777218
43,Furto de Celular,27/06/2017,"RUA NORMANDIA, 32 MOEMA - 04517040 S.PAULO SP",-23.6076181,-46.6708452
44,Furto de Celular,01/07/2017,"ESTRADA DO JUSA, 2020 PARELHEIROS - - S.PAULO SP",-23.8221648,-46.755418
45,Furto de Celular,02/07/2017,"RUA GAMA LOBO, 261 IPIRANGA - 04117091 S.PAULO SP",-23.5860357,-46.6130825
46,Furto de Celular,22/06/2017,"RUA DOS NAVEGADORES, 154 SAPOPEMBA - 03985120 S.PAULO SP",-23.6071354,-46.5194213
47,Furto de Celular,01/07/2017,"AVENIDA SAPOPEMBA, 7500 SAPOPEMBA - - S.PAULO SP",-23.5947429,-46.5265063
48,Furto de Celular,30/06/2017,"RUA BRESSER, 888 BRAS - 03053000 S.PAULO SP",-23.5471777,-46.6036159
49,Furto de Celular,30/06/2017,"RUA PEDRO DE TOLEDO, 1123 VILA MARIANA - 04039033 S.PAULO SP",-23.5979933,-46.6477294
50,Furto de Celular,30/06/2017,"AVENIDA NOVE DE JULHO, 3000 JARDIM PAULISTA - - S.PAULO SP",-23.5664929,-46.6587619
51,Furto de Celular,28/06/2017,"AVENIDA FERNANDO DO ESPIRITO SANTO ALVES, 1000 PARQUE DO CARMO - 08265045 S.PAULO SP",-23.5825138,-46.4707544
52,Furto de Celular,03/07/2017,"AVENIDA DO ESTADO, 1000 BOM RETIRO - - S.PAULO SP",-23.5246971,-46.6300903
53,Furto de Celular,03/07/2017,"AVENIDA SENADOR TEOTONIO VILELA, 1000 CIDADE DUTRA - - S.PAULO SP",-23.7102446,-46.6995187
54,Furto de Celular,03/07/2017,"RUA MARIA PAULA, 100 REPUBLICA - - S.PAULO SP",-23.5521551,-46.6386088
55,Furto de Celular,02/07/2017,"RUA JOTACA, 100 FREGUESIA DO O - 02930050 S.PAULO SP",-23.4920224,-46.7085121
56,Furto de Celular,30/06/2017,"AVENIDA NOVE DE JULHO, 4303 BELA VISTA - - S.PAULO SP",-23.5748065,-46.6677445
57,Furto de Celular,30/06/2017,"AVENIDA MIGUEL ESTEFANO, 0 SAUDE - 04301010 S.PAULO SP",-23.6192854,-46.6393026
58,Furto de Celular,30/06/2017,"AVENIDA ARICANDUVA, 5555 CIDADE LIDER - - S.PAULO SP",-23.5661486,-46.5004701
59,Furto de Celular,02/07/2017,"RUA VISCONDE DO URUGUAI, 140 VILA MATILDE - 03518010 S.PAULO SP",-23.5423087,-46.5245196
60,Furto de Celular,30/06/2017,"AVENIDA MINISTRO PETRONIO PORTELA, 0 FREGUESIA DO O - 02959000 S.PAULO SP",-23.489336,-46.6985051
61,Furto de Celular,04/07/2017,"RUA JOAO DELGADO, 289 FREGUESIA DO O - 02737010 S.PAULO SP",-23.4853518,-46.6908673
62,Furto de Celular,02/07/2017,"AVENIDA DEZENOVE DE JANEIRO, 0 CARRAO - 03449000 S.PAULO SP",-23.5530453,-46.5282188
63,Furto de Celular,30/06/2017,"RUA JOAQUIM MANUEL DA ROCHA, 34 JARDIM ANGELA - 04952080 S.PAULO SP",-23.7186191,-46.7525439
64,Furto de Celular,03/07/2017,"RUA DOS ESTUDANTES, 190 SE - 01505000 S.PAULO SP",-23.5554877,-46.6333476
65,Furto de Celular,24/06/2017,"RUA CAMPO FLORIDO, 618 SAO MATEUS - 03940000 S.PAULO SP",-23.5888682,-46.5002713
66,Furto de Celular,03/07/2017,"RUA GAPUICIPO, 213 CIDADE LIDER - 03585080 S.PAULO SP",-23.5640222,-46.4909539
67,Furto de Celular,03/07/2017,"RUA PROFESSOR ANTONIO PRUDENTE, 211 LIBERDADE - - S.PAULO SP",-23.5655264,-46.6379051
68,Furto de Celular,29/06/2017,"RUA BOCAINA DE MINAS, 2 JARDIM ANGELA - 04939200 S.PAULO SP",-23.6872716,-46.7687692
69,Furto de Celular,02/07/2017,"AVENIDA CRUZEIRO DO SUL, 1800 SANTANA - 02030200 S.PAULO SP",-23.5162395,-46.6240188
70,Furto de Celular,30/06/2017,"RUA RONALDO DE CARVALHO, 31 SANTANA - 02043000 S.PAULO SP",-23.4936937,-46.6138246
71,Furto de Celular,02/07/2017,"RUA JOAO TEODORO, 470 BOM RETIRO - 01105000 S.PAULO SP",-23.5335943,-46.627951
72,Furto de Celular,30/06/2017,"AVENIDA MIGUEL ESTEFANO, 2918 JARDIM COLINA - 04301012 S.PAULO SP",-23.6387719,-46.6295789
73,Furto de Celular,27/06/2017,"RUA DO GLICERIO, 164 SE - 01514000 S.PAULO SP",-23.553926,-46.6281616
74,Furto de Celular,02/07/2017,"TRAVESSA TERMINAL RODOVIARIO DO TIETE, 0 SANTANA - - S.PAULO SP",-23.5153665,-46.6215843
75,Furto de Celular,29/06/2017,"AVENIDA TIRADENTES, 290 BOM RETIRO - - S.PAULO SP",-23.5331166,-46.6324275
76,Furto de Celular,28/06/2017,"AVENIDA CONSELHEIRO CARRAO, 2500 CARRAO - 03403002 S.PAULO SP",-23.5485895,-46.5374181
77,Furto de Celular,26/06/2017,"AVENIDA RAIMUNDO PEREIRA DE MAGALHAES, 11001 JARAGUA - - S.PAULO SP",-23.4447087,-46.7230074
78,Furto de Celular,02/07/2017,"RUA BALTAZAR RABELO, 11 RIO PEQUENO - 05360170 S.PAULO SP",-23.5632536,-46.743158
79,Furto de Celular,02/07/2017,"AVENIDA PROFESSOR FONSECA RODRIGUES, 2001 ALTO DE PINHEIROS - 05461010 S.PAULO SP",-23.5432106,-46.7263198
80,Furto de Celular,01/07/2017,"RUA TREZE DE MAIO, 708 BELA VISTA - - S.PAULO SP",-23.5594284,-46.6463381
81,Furto de Celular,01/07/2017,"RUA MATIAS AIRES, 78 CONSOLACAO - 01309020 S.PAULO SP",-23.5558396,-46.6571798
82,Furto de Celular,03/07/2017,"RUA FREI CANECA, 972 CONSOLACAO - 01307003 S.PAULO SP",-23.5553628,-46.6560881
83,Furto de Celular,02/07/2017,"RUA ESCORPIAO, 100 SAO MATEUS - 08330570 S.PAULO SP",-23.6122781,-46.4657466
84,Furto de Celular,04/07/2017,"AVENIDA CONSELHEIRO CARRAO, 2255 CARRAO - 03403002 S.PAULO SP",-23.5475911,-46.5395203
85,Furto de Celular,01/07/2017,"RUA TEIXEIRA LEITE, 89 SE - - S.PAULO SP",-23.5552315,-46.6276305
86,Furto de Celular,01/07/2017,"VIADUTO GOVERNADOR ABREU SODRE, 0 CAMBUCI - - S.PAULO SP",-23.5534829,-46.6240248
87,Furto de Celular,30/06/2017,"RUA JOSE DE ARAUJO NOVAES, 100 CAPAO REDONDO - 05848070 S.PAULO SP",-23.657376,-46.7598071
88,Furto de Celular,01/07/2017,"AVENIDA BRIGADEIRO LUIS ANTONIO, 1311 BELA VISTA - - S.PAULO SP",-23.5606392,-46.6435233
89,Furto de Celular,27/06/2017,"AVENIDA PEDRO BUENO, 455 JABAQUARA - 04342010 S.PAULO SP",-23.6354153,-46.6477104
90,Furto de Celular,30/06/2017,"RUA CAPITAO WALDIR ALVES DE SIQUEIRA, 20 JABAQUARA - 04323050 S.PAULO SP",-23.6541031,-46.6382227
91,Furto de Celular,03/07/2017,"RUA DOUTOR VICTOR EUGENIO DO SACRAMENTO, 328 JABAQUARA - 04348020 S.PAULO SP",-23.6466331,-46.650403
92,Furto de Celular,08/06/2017,"AVENIDA ENGENHEIRO ARMANDO DE ARRUDA PER, 2022 JABAQUARA - 04309011 S.PAULO SP",-23.6456838,-46.642077
93,Furto de Celular,30/06/2017,"RUA IGARAPE UNIVERSO, 4 CIDADE TIRADENTES - 08472550 S.PAULO SP",-23.5709676,-46.4049165
94,Furto de Celular,01/07/2017,"AVENIDA FRANCISCO MATARAZZO, 892 BARRA FUNDA - 05001000 S.PAULO SP",-23.5271884,-46.6714287
95,Furto de Celular,01/07/2017,"RUA DOMINGOS PAIVA, 600 BRAS - 03043070 S.PAULO SP",-23.5480535,-46.614926
96,Furto de Celular,27/06/2017,"RUA CAPEPUXIS, 362 ALTO DE PINHEIROS - 05452030 S.PAULO SP",-23.5551366,-46.7125076
97,Furto de Celular,03/07/2017,"AVENIDA DOS METALURGICOS, 1262 CIDADE TIRADENTES - 08471000 S.PAULO SP",-23.5937734,-46.4062412
98,Furto de Celular,02/07/2017,"TRAVESSA TERMINAL RODOVIARIO DO TIETE, 0 SANTANA - - S.PAULO SP",-23.5153665,-46.6215843
99,Furto de Celular,02/07/2017,"PRACA RAMOS DE AZEVEDO, 0 REPUBLICA - 01037010 S.PAULO SP",-23.5447216,-46.6386811
100,Furto de Celular,30/06/2017,"RUA VINTE E CINCO DE MARCO, 0 SE - 01021000 S.PAULO SP",-23.5436527,-46.6325142
101,Furto de Celular,03/07/2017,"ESTACAO METRO SE, 0 SE - - S.PAULO SP",-23.6177542,-46.6392279
102,Furto de Celular,03/07/2017,"RUA SETE DE ABRIL, 79 REPUBLICA - 01044000 S.PAULO SP",-23.5469407,-46.6404311
103,Furto de Celular,30/06/2017,"RUA ANTONIO RODRIGUES FULCATO, 62 CIDADE TIRADENTES - 08490330 S.PAULO SP",-23.5688203,-46.4086514
104,Furto de Celular,03/07/2017,"RUA SALVADOR GIANETTI, 0 GUAIANASES - 08410000 S.PAULO SP",-23.5429889,-46.4206805
105,Furto de Celular,02/07/2017,"AVENIDA DO ESTADO, 3200 SE - - S.PAULO SP",-23.5526225,-46.6257026
106,Furto de Celular,01/07/2017,"RUA SAO PAULO, 300 SE - 01513000 S.PAULO SP",-23.5569222,-46.6299418
107,Furto de Celular,01/07/2017,"RUA BARAO DE LADARIO, 125 BRAS - 03010000 S.PAULO SP",-23.5409175,-46.6181731
108,Furto de Celular,01/07/2017,"RUA VINTE E CINCO DE MARCO, 100 SE - 01021000 S.PAULO SP",-23.5486699,-46.6305114
109,Furto de Celular,03/07/2017,"RUA ZORRILHO, 1 ITAQUERA - 08220210 S.PAULO SP",-23.5379671,-46.474084
110,Furto de Celular,30/06/2017,"RUA LUCAS OBES, 950 IPIRANGA - 04212020 S.PAULO SP",-23.5887218,-46.597549
111,Furto de Celular,26/06/2017,"RUA DOS PINHEIROS, 1174 PINHEIROS - 05422012 S.PAULO SP",-23.5678222,-46.6890499
112,Furto de Celular,23/06/2017,"AVENIDA DO ORATORIO, 4112 SAO LUCAS - 03221200 S.PAULO SP",-23.601781,-46.5346148
113,Furto de Celular,01/07/2017,"RUA DONA GENOVEVA DASCOLI, 37 VILA PRUDENTE - 03132070 S.PAULO SP",-23.5815965,-46.5846308
114,Furto de Celular,01/07/2017,"AVENIDA PREFEITO PASSOS, 0 SE - 01517020 S.PAULO SP",-23.5524963,-46.6273848
115,Furto de Celular,01/07/2017,"AVENIDA FRANCISCO MATARAZZO, 1705 BARRA FUNDA - 05001000 S.PAULO SP",-23.5276431,-46.6784445
116,Furto de Celular,30/06/2017,"AVENIDA MUTINGA, 2372 SAO DOMINGOS - 05110000 S.PAULO SP",-23.4865101,-46.747531
117,Furto de Celular,02/07/2017,"RUA PONTA DE LUCENA, 30 PARQUE DO CARMO - 08270340 S.PAULO SP",-23.5601519,-46.4560454
118,Furto de Celular,02/07/2017,"RUA DO GLICERIO, 0 SE - 01514000 S.PAULO SP",-23.5526899,-46.6274414
119,Furto de Celular,01/02/2017,"AVENIDA RANGEL PESTANA, 100 SE - 01017000 S.PAULO SP",-23.549634,-46.6300813
120,Furto de Celular,01/07/2017,"RUA CABO VERDE, 106 ITAIM BIBI - 04550080 S.PAULO SP",-23.6055911,-46.6766181
121,Furto de Celular,02/07/2017,"RUA GENERAL JULIO MARCONDES SALGADO, 56 SANTA CECILIA - 01201020 S.PAULO SP",-23.5362696,-46.6502717
122,Furto de Celular,30/06/2017,"RUA NEWTON PRADO, 614 BOM RETIRO - 01127000 S.PAULO SP",-23.5225451,-46.6410708
123,Furto de Celular,02/07/2017,"RUA MARECHAL HASTINFILO DE MOURA, 30 VILA SONIA - 05641000 S.PAULO SP",-23.6164481,-46.7418672
124,Furto de Celular,01/07/2017,"RUA CANTO DO RIO VERDE, 114 VILA ANDRADE - 05734010 S.PAULO SP",-23.6238858,-46.7459299
125,Furto de Celular,19/06/2017,"RUA SANTO AMERICO, 275 VILA SONIA - 05629020 S.PAULO SP",-23.6044314,-46.7278141
126,Furto de Celular,01/07/2017,"AVENIDA DO ESTADO, 3500 SE - - S.PAULO SP",-23.6058516,-46.5488007
127,Furto de Celular,01/07/2017,"RUA NOSSA SENHORA DA LAPA, 34 LAPA - 05072000 S.PAULO SP",-23.5206924,-46.7020913
128,Furto de Celular,30/06/2017,"RUA ALTO SUCURIU, 43 CACHOEIRINHA - 02679000 S.PAULO SP",-23.457771,-46.6633822
129,Furto de Celular,30/06/2017,"AVENIDA NOSSA SENHORA DO SABARA, 710 CAMPO GRANDE - 04685002 S.PAULO SP",-23.666842,-46.687678
130,Furto de Celular,01/07/2017,"RUA GUAICURI, 300 CIDADE ADEMAR - 04425000 S.PAULO SP",-23.6873032,-46.6451984
131,Furto de Celular,01/07/2017,"AVENIDA ARICANDUVA, 5555 CIDADE LIDER - - S.PAULO SP",-23.5661486,-46.5004701
132,Furto de Celular,30/06/2017,"RUA DOUTOR LUIZ AYRES, 1800 ARTUR ALVIM - 03568000 S.PAULO SP",-23.5406256,-46.4846836
133,Furto de Celular,01/07/2017,"RUA MAJOR RUDGE, 320 PENHA - 03607010 S.PAULO SP",-23.5202402,-46.5424464
134,Furto de Celular,01/07/2017,"RUA MAJOR RUDGE, 320 PENHA - 03607010 S.PAULO SP",-23.5202402,-46.5424464
135,Furto de Celular,03/07/2017,"RUA CLAUDIA, 456 PENHA - 03617000 S.PAULO SP",-23.5180087,-46.5261282
136,Furto de Celular,01/07/2017,"RUA DOUTOR JOAO RIBEIRO, 304 PENHA - 03634010 S.PAULO SP",-23.5245622,-46.5470154
137,Furto de Celular,28/06/2017,"AVENIDA TENENTE LAUDELINO FERREIRA DO AMARAL, 587 VILA JACUI - 08060000 S.PAULO SP",-23.5028843,-46.4550991
138,Furto de Celular,30/06/2017,"AVENIDA PAULO VI, 900 PINHEIROS - 01262010 S.PAULO SP",-23.5507641,-46.6773143
139,Furto de Celular,29/06/2017,"AVENIDA IBIRAPUERA, 2523 MOEMA - 04029200 S.PAULO SP",-23.605801,-46.6641834
140,Furto de Celular,01/07/2017,"AVENIDA PEDROSO DE MORAIS, 514 PINHEIROS - 05419000 S.PAULO SP",-23.5654681,-46.6902112
141,Furto de Celular,30/06/2017,"RUA REGO FREITAS, 366 REPUBLICA - - S.PAULO SP",-23.5451892,-46.6467353
142,Furto de Celular,29/06/2017,"RUA DO ANFITEATRO, 197 BUTANTA - 05508060 S.PAULO SP",-23.5589609,-46.722262
143,Furto de Celular,01/07/2017,"AVENIDA TIRADENTES, 400 BOM RETIRO - - S.PAULO SP",-23.5310769,-46.6320137
144,Furto de Celular,01/07/2017,"RUA NOSSA SENHORA DAS MERCES, 29 JARDIM COLINA - 04165010 S.PAULO SP",-23.6179617,-46.6113356
145,Furto de Celular,01/07/2017,"AVENIDA PEDROSO DE MORAIS, 514 PINHEIROS - 05419000 S.PAULO SP",-23.5654681,-46.6902112
146,Furto de Celular,02/06/2017,"AVENIDA DOUTOR ENEAS CARVALHO DE AGUIAR, 44 JARDIM PAULISTA - 05403000 S.PAULO SP",-23.5569354,-46.6684611
147,Furto de Celular,29/06/2017,"RUA LEITE DE MORAIS, 111 SANTANA - 02034020 S.PAULO SP",-23.5031115,-46.6253005
148,Furto de Celular,01/07/2017,"AVENIDA DEPUTADO EMILIO CARLOS, 1129 LIMAO - 02721000 S.PAULO SP",-23.4960345,-46.6774996
149,Furto de Celular,02/07/2017,"RUA AUGUSTA, 867 CONSOLACAO - - S.PAULO SP",-23.5529205,-46.6539876
150,Furto de Celular,01/07/2017,"RUA SARGACO, 10 ITAIM PAULISTA - 08111370 S.PAULO SP",-23.4941995,-46.3757487
151,Furto de Celular,02/07/2017,"RUA JOSE ALVES COELHO, 217 ITAIM PAULISTA - 08142180 S.PAULO SP",-23.5148609,-46.3869433
152,Furto de Celular,30/06/2017,"AVENIDA BRASIL, 0 JARDIM PAULISTA - - S.PAULO SP",-23.5790541,-46.6614617
153,Furto de Celular,12/12/2016,"LARGO DA CONCORDIA, 56 BRAS - 03012010 S.PAULO SP",-23.5422906,-46.6159238
154,Furto de Celular,30/06/2017,"AVENIDA DO ESTADO, 6829 IPIRANGA - - S.PAULO SP",-23.5682429,-46.6083799
155,Furto de Celular,30/06/2017,"AVENIDA BRIGADEIRO LUIS ANTONIO, 2013 BELA VISTA - - S.PAULO SP",-23.5663571,-46.6469105
156,Furto de Celular,27/06/2017,"RUA RIO MANUEL ALVES, 85 JARDIM HELENA - 08190450 S.PAULO SP",-23.4850309,-46.3946162
157,Furto de Celular,29/06/2017,"AVENIDA PAULISTA, 900 JARDIM PAULISTA - - S.PAULO SP",-23.5652103,-46.651126
158,Furto de Celular,30/06/2017,"ALAMEDA ITU, 167 JARDIM PAULISTA - - S.PAULO SP",-23.5667082,-46.6563951
159,Furto de Celular,02/07/2017,"RUA DO GLICERIO, 368 SE - - S.PAULO SP",-23.5555722,-46.6290529
160,Furto de Celular,01/07/2017,"RUA MANUEL CARDOSO, 137 CIDADE LIDER - 08280060 S.PAULO SP",-23.5562698,-46.4795063
161,Furto de Celular,28/06/2017,"RUA VINTE E CINCO DE MARCO, 0 SE - 01021000 S.PAULO SP",-23.5436527,-46.6325142
162,Furto de Celular,29/06/2017,"AVENIDA DONA BELMIRA MARIN, 1358 GRAJAU - 04846010 S.PAULO SP",-23.742458,-46.6919182
163,Furto de Celular,03/07/2017,"RUA DA CONSOLACAO, 930 CONSOLACAO - 01301000 S.PAULO SP",-23.5482429,-46.6503291
164,Furto de Celular,01/07/2017,"AVENIDA CRUZEIRO DO SUL, 1800 SANTANA - 02030200 S.PAULO SP",-23.5162395,-46.6240188
165,Furto de Celular,29/06/2017,"LARGO PATEO DO COLEGIO, 10 SE - 01016040 S.PAULO SP",-23.548257,-46.633215
166,Furto de Celular,29/06/2017,"RUA ACOR, 181 CIDADE DUTRA - 04837090 S.PAULO SP",-23.7421998,-46.7030707
167,Furto de Celular,02/07/2017,"RUA PEIXOTO GOMIDE, 500 BELA VISTA - 01409001 S.PAULO SP",-23.5584534,-46.6554802
168,Furto de Celular,03/07/2017,"AVENIDA SAPOPEMBA, 11142 SAPOPEMBA - - S.PAULO SP",-23.614907,-46.5016996
169,Furto de Celular,01/07/2017,"RUA ALEXANDRE FERNANDES, 10 SAPOPEMBA - 03924000 S.PAULO SP",-23.5993464,-46.5131551
170,Furto de Celular,03/07/2017,"AVENIDA SAPOPEMBA, 100 AGUA RASA - - S.PAULO SP",-23.5585292,-46.5771243
171,Furto de Celular,03/07/2017,"AVENIDA SAPOPEMBA, 11500 SAPOPEMBA - - S.PAULO SP",-23.614261,-46.498263
172,Furto de Celular,29/06/2017,"AVENIDA DAS NACOES UNIDAS, 18605 VILA ALMEIDA - 04795100 S.PAULO SP",-23.6565626,-46.718192
173,Furto de Celular,02/07/2017,"AVENIDA CARLOS CALDEIRA FILHO, 1570 CAPAO REDONDO - 05798350 S.PAULO SP",-23.6450247,-46.7499815
174,Furto de Celular,30/06/2017,"AVENIDA IBIRAPUERA, 1200 MOEMA - 04029100 S.PAULO SP",-23.5967124,-46.6558136
175,Furto de Celular,02/07/2017,"AVENIDA JOSE MARIA WHITAKER, 10 SAUDE - 04057000 S.PAULO SP",-23.6059765,-46.6493616
176,Furto de Celular,30/06/2017,"RUA MELO FREIRE, 0 TATUAPE - 03314030 S.PAULO SP",-23.5394431,-46.5713515
177,Furto de Celular,30/06/2017,"RUA SALVADOR GIANETTI, 0 GUAIANASES - 08410000 S.PAULO SP",-23.5429889,-46.4206805
178,Furto de Celular,30/06/2017,"RUA SIMAO CERQUEIRA, 190 IGUATEMI - 08371240 S.PAULO SP",-23.5992172,-46.4483642
179,Furto de Celular,03/07/2017,"RUA DAS UVAIAS, 179 SAUDE - 04055110 S.PAULO SP",-23.6206353,-46.6405918
180,Furto de Celular,03/07/2017,"RUA DOM PEDRO I, 0 SACOMA - - S.PAULO SP",-23.633023,-46.6005214
181,Furto de Celular,02/07/2017,"RUA SAO GONCALO DO RIO DAS PEDRAS, 0 VILA CURUCA - 08081000 S.PAULO SP",-23.4818593,-46.4214843
182,Furto de Celular,03/07/2017,"AVENIDA SAPOPEMBA, 7000 SAPOPEMBA - - S.PAULO SP",-23.591758,-46.5299015
183,Furto de Celular,26/06/2017,"AVENIDA GENERAL ATALIBA LEONEL, 3114 VILA GUILHERME - 02033020 S.PAULO SP",-23.4888532,-46.6078427
184,Furto de Celular,30/06/2017,"RUA FRANCISCO ALVES BEZERRA, 261 VILA MEDEIROS - 02228000 S.PAULO SP",-23.4828413,-46.5682783
185,Furto de Celular,01/07/2017,"RUA GIBRALTAR, 346 SANTO AMARO - 04755070 S.PAULO SP",-23.6481566,-46.7161613
186,Furto de Celular,03/07/2017,"AVENIDA GUIDO CALOI, 2221 JD SAO LUIS - 05802140 S.PAULO SP",-23.6656259,-46.7267916
187,Furto de Celular,03/07/2017,"AVENIDA ADOLFO PINHEIRO, 478 SANTO AMARO - 04753060 S.PAULO SP",-23.6487946,-46.7031996
